soort,voedselrijkdom,zuurgraag,licht,temperatuur,vocht, zout,maaien
Abies grandis,4.2789473684,3.5263157895,5.556122449,4.7760416667,5.1958762887,0.2323232323,2.5
Abutilon theophrasti,7,6.7878787879,6.8585858586,6,5.1414141414,0.25,4.4285714286
Acer negundo,6.9292929293,6.7878787879,5.4292929293,5.2878787879,5.4292929293,0,3.9285714286
Aceras anthropophorum,4.25,6.8762886598,7.5051546392,5.8535353535,4.4095744681,0.3775510204,4.5585106383
Acorus calamus,6.2526315789,6.6804123711,7.1804123711,5.612244898,8.9,0.2886597938,4.4842105263
Actaea spicata,6.3453608247,6.5714285714,4.8214285714,5.2474747475,5.4292929293,0,2.8608247423
Adoxa moschatellina,6.3854166667,6.265625,4.9947916667,5.2113402062,5.8969072165,0.0050505051,3.46875
Aegopodium podagraria,6.4521276596,6.2578947368,6.0463917526,5.3163265306,5.9157894737,0.1565656566,4.6263157895
Aethusa cynapium,6.4484536082,6.8092783505,6.8010204082,5.8775510204,5.1071428571,0.101010101,4.5309278351
Agrostemma githago,5.2783505155,5.7135416667,6.7626262626,5.7878787879,5.109375,0.1616161616,4.7959183673
Agrostis canina,3.6755319149,4.3894736842,7.1443298969,4.9791666667,7.7096774194,0.2857142857,4.5105263158
Agrostis stolonifera,5.8695652174,6.4095744681,7.1510416667,5.4793814433,7.2880434783,0.467032967,5.6489361702
Agrostis vinealis,2.5957446809,3.0483870968,7.3631578947,5.1875,4.0053763441,0.4183673469,4.5473684211
Ailanthus altissima,6.5,6.875,5.75,5.625,5.25,1,3.25
Aira caryophyllea,3.4473684211,4.3157894737,7.4072164948,5.3350515464,4.0773195876,0.4693877551,5.8802083333
Ajuga pyramidalis,3,4,7,5.3333333333,4.3333333333,0,4.5
Alchemilla monticola,5.09375,5.4081632653,6.9696969697,5.3888888889,7.0051020408,0.3636363636,5.3865979381
Alliaria petiolata,6.7894736842,6.5989583333,5.7447916667,5.4226804124,5.6770833333,0.0404040404,3.9739583333
Allium carinatum,3.3571428571,6.8434343434,7.5,5.8724489796,3.8112244898,0.1060606061,5.5714285714
Allium cepa,6.6288659794,6.5459183673,6.8484848485,5.9191919192,5.0306122449,0.1919191919,4.612244898
Allium oleraceum,4.6914893617,6.6443298969,6.9947368421,5.6212121212,4.3711340206,0.15,5.5578947368
Allium porrum,6.8367346939,6.2653061224,6.75,6,5.0858585859,0.25,4.7424242424
Allium schoenoprasum,4.7473684211,6.6391752577,6.9278350515,5.6581632653,4.8125,0.2040816327,5.5157894737
Allium scorodoprasum,6.7074468085,6.71875,5.6804123711,5.4693877551,5.9322916667,0.0202020202,3.9793814433
Allium ursinum,6.5773195876,6.4536082474,4.6927083333,5.202020202,5.6958762887,0.0101010101,3.414893617
Allium vineale,5.6010638298,6.5526315789,6.881443299,5.4848484848,5.0572916667,0.3010204082,5.8563829787
Alopecurus bulbosus,5.7216494845,6.7989690722,7.5656565657,5.5670103093,6.4578947368,2.420212766,6.1315789474
Alopecurus myosuroides,6.3659793814,6.8195876289,6.7704081633,5.8214285714,5.3229166667,0.1868686869,4.7315789474
Amaranthus blitoides,6.6464646465,6.7142857143,7.7121212121,6.2525252525,5.0714285714,0.5,3.8928571429
Amaranthus caudatus,2.375,2.75,6.7525252525,6.4292929293,5.4393939394,0.5,2.7525252525
Amaranthus retroflexus,6.7263157895,6.4484536082,7.087628866,5.9536082474,5.21875,0.2828282828,4.6263157895
Ambrosia artemisiifolia,5.8571428571,6.6428571429,7.1818181818,5.6414141414,5.3571428571,0.1060606061,4.8571428571
Ambrosia psilostachya,4.75,6.5,7.5,6,4.25,0.5,5.25
Ammophila arenaria,3.9627659574,5.6170212766,7.6340206186,5.4948453608,4.0736842105,0.5989583333,4.6302083333
Amsinckia menziesii,5.9587628866,5.3969072165,6.8469387755,5.7373737374,4.8673469388,0.25,4.8686868687
Anacamptis pyramidalis,3.68,6.46,7.12,5.34,4.04,0.24,5.06
Anagallis arvensis,6.1505376344,6.5631578947,6.8979591837,5.7704081633,5.1421052632,0.203125,4.7894736842
Anagallis minima,3.881443299,5.4375,7.4030612245,5.3195876289,7.0526315789,0.7395833333,4.890625
Anchusa arvensis,5.1542553191,5.9210526316,7.21875,5.693877551,4.3697916667,0.2397959184,4.8333333333
Andromeda polifolia,1.7113402062,1.9484536082,7.6855670103,4.0773195876,8.234375,0.0353535354,2.4587628866
Anemone nemorosa,5.5744680851,5.5625,5.3298969072,5.1443298969,6.0206185567,0.0454545455,3.484375
Anethum graveolens,6.5,5.75,6.5,6,5.5,0,4.5
Anisantha tectorum,4.2421052632,6.5260416667,7.5206185567,5.7142857143,3.8510638298,0.2653061224,5.1473684211
Antennaria dioica,2.693877551,3.914893617,7.1288659794,4.9578947368,4.4946808511,0.1060606061,4.2864583333
Anthoxanthum aristatum,4.765625,3.9894736842,6.8520408163,5.5969387755,4.953125,0.3775510204,4.9166666667
Anthriscus sylvestris,6.421875,6.5625,6.7708333333,5.3917525773,5.8645833333,0.2777777778,5.6808510638
Anthyllis vulneraria,3.3789473684,6.2157894737,7.3195876289,5.4336734694,3.9526315789,0.25,4.859375
Apium graveolens,6.3608247423,6.9846938776,7.5050505051,5.5656565657,7.0677083333,1.4516129032,4.9736842105
Arabidopsis thaliana,4.8064516129,5.2631578947,7.0360824742,5.4744897959,4.5904255319,0.3469387755,5.6595744681
Arabis arenosa,4.1818181818,5.6060606061,7.3181818182,5.5,4.5606060606,0.303030303,5.1212121212
Arabis glabra,4.3333333333,6.1354166667,7.2113402062,5.4545454545,4.1510416667,0.2424242424,4.9684210526
Arctostaphylos uva-ursi,2.8367346939,3.6717171717,6.8367346939,5.3333333333,4.1666666667,0.25,3.9183673469
Aristolochia clematitis,6.171875,6.5721649485,6.7835051546,5.7373737374,5.193877551,0.1,4.7268041237
Armoracia rusticana,6.3724489796,6.8163265306,7.1443298969,5.6313131313,5.4690721649,0.3214285714,5.4285714286
Arnica montana,2.2239583333,2.6597938144,7.1030927835,4.7268041237,5.5052083333,0.1060606061,3.5208333333
Arnoseris minima,5.0157894737,3.8697916667,6.7346938776,5.6212121212,4.8673469388,0.3383838384,4.7708333333
Aronia arbutifolia,3.5,4.5,7,5,7.5,0.5,4
Arrhenatherum elatius,5.8958333333,6.5309278351,6.9896907216,5.3402061856,5.5260416667,0.303030303,6.0104166667
Artemisia absinthium,5.5526315789,6.4690721649,7.3775510204,5.7602040816,5.1329787234,0.3010204082,4.9329896907
Artemisia campestris,3.5263157895,6.2708333333,7.5816326531,5.6565656566,3.6458333333,0.2371134021,5.0631578947
Artemisia vulgaris,6.1117021277,6.4421052632,7.0714285714,5.5663265306,5.4052631579,0.2857142857,5.3989361702
Asarum europaeum,3,3,6,5.5,5.5,ND,3
Asparagus officinalis,4.5421052632,6.1927083333,7.0154639175,5.443877551,4.4105263158,0.21875,4.3854166667
Asperugo procumbens,5.6701030928,6.5,7.2448979592,5.6666666667,5.2731958763,0.1666666667,5.1717171717
Asplenium adiantum-nigrum,4.8958333333,5.703125,6.398989899,5.8659793814,4.3125,0.3775510204,4.2578947368
Asplenium ruta-muraria,4.4421052632,7.3383838384,6.9484536082,5.6197916667,4.0159574468,0.3775510204,2.9840425532
Asplenium scolopendrium,5.1354166667,7.0265957447,5.2989690722,5.1734693878,4.703125,0.2626262626,2.6947368421
Asplenium trichomanes,4.6789473684,6.8138297872,6.1614583333,5.2473684211,4.2447916667,0.3367346939,3.3260869565
Asplenium viride,4.75,6.25,5.75,4.5,4.25,0,4.5
Aster tripolium,5.7239583333,7.193877551,8.0969387755,5.8092783505,7.2052631579,6.1021505376,3.8789473684
Athyrium filix-femina,5.546875,5.2978723404,5.5208333333,5.1958762887,6.6210526316,0.0353535354,3.15625
Atriplex glabriuscula,7.324742268,6.9795918367,8.3469387755,5.9141414141,6.2171717172,2.7474226804,3.7474226804
Atriplex hortensis,6.5,7,7,6,5,0.25,4.5
Atriplex littoralis,6.9210526316,7.0618556701,8.2395833333,5.8418367347,6.1489361702,4.4468085106,3.7604166667
Atriplex prostrata,6.5,7.0052083333,7.7164948454,5.7346938776,6.6421052632,2.9065934066,4.420212766
Atropa bella-donna,5.8333333333,6.1666666667,7,5.3333333333,5.1666666667,0.3333333333,6.1666666667
Avena fatua,6.2604166667,6.546875,6.7653061224,5.8181818182,5.1736842105,0.1632653061,4.6302083333
Avena sativa,6.1082474227,5.6808510638,6.8010204082,5.7142857143,5.0520833333,0.3112244898,4.7925531915
Axyris amaranthoides,6,5.5,6,5,6,0,4.5
Ballota nigra,6.6736842105,6.9157894737,7.0416666667,5.7908163265,4.984375,0.1111111111,4.8385416667
Bellis perennis,5.7578947368,6.2473684211,7.0816326531,5.3367346939,5.8989361702,0.4639175258,6.6443298969
Berberis vulgaris,5.1145833333,6.2395833333,6.3333333333,5.2551020408,4.765625,0.0303030303,3.4846938776
Berteroa incana,5.1947368421,6.0736842105,7.3571428571,5.6632653061,4.578125,0.297979798,5.412371134
Bidens radiata,6.5,6.5,7.5,6,6.75,0.75,4
Blackstonia perfoliata,4.4315789474,6.8333333333,7.5612244898,5.4387755102,6.7239583333,1.0744680851,4.7864583333
Blechnum spicant,3.9,3.4631578947,5.5526315789,5.1210526316,6.078125,0.0765306122,2.8263157895
Bolboschoenus maritimus,6.3052631579,7.1145833333,7.4278350515,5.7091836735,8.6758241758,1.3206521739,4.5
Borago officinalis,6.1868686869,6.2857142857,7,5.8939393939,5.1414141414,0.2070707071,4.9285714286
Brachypodium sylvaticum,6.0416666667,6.2604166667,5.1614583333,5.2040816327,5.7216494845,0.0050505051,3.3697916667
Brassica juncea,6,6.8333333333,7.3333333333,5.8333333333,4.8333333333,0.1666666667,5.6666666667
Brassica napus,6.453125,6.6030927835,6.9690721649,5.5101010101,5.8210526316,0.3418367347,5.7525773196
Brassica oleracea,6.9591836735,6.7653061224,7.0505050505,5.8181818182,5.587628866,0.5656565657,4.943877551
Brassica rapa,6.5618556701,6.609375,6.9595959596,5.4742268041,6.078125,0.3112244898,5.9479166667
Briza media,3.8210526316,6.3526315789,7.1161616162,5.1581632653,4.8085106383,0.1717171717,5.28125
Bromus arvensis,4,6,6.75,5.75,6,0,4.5
Bromus racemosus,5.2886597938,6.0051546392,6.9846938776,5.2164948454,6.6979166667,0.4336734694,6.0260416667
Bromus secalinus,5.5867346939,5.2142857143,6.5858585859,5.7828282828,5.1479591837,0.0656565657,4.9226804124
Bryonia dioica,5.8473684211,6.5824742268,6.6288659794,5.4226804124,5.0052083333,0.1071428571,3.921875
Buddleja davidii,4.8,6.3,6.75,5.95,4.8,0.3571428571,3.95
Bunium bulbocastanum,4.1063829787,7.1223404255,7.0306122449,5.4336734694,4.2474226804,0.0252525253,5.0729166667
Bupleurum falcatum,4,7,6.8333333333,5.1666666667,4.5,0,5
Butomus umbellatus,6.4329896907,6.9375,7.0918367347,5.7959183673,9.9895833333,0.4234693878,4.1979166667
Buxus sempervirens,6.3383838384,6.2295918367,5.1979166667,5.4292929293,5.6020408163,0.05,3.5404040404
Cakile maritima,6.7606382979,6.921875,8.5154639175,5.9285714286,5.5263157895,3.2074468085,3.2947368421
Calamagrostis canescens,5.03125,5.3958333333,6.546875,5.2577319588,7.8,0.1224489796,3.5904255319
Calamagrostis epigejos,4.5631578947,5.7340425532,7.0260416667,5.2680412371,5.1595744681,0.2783505155,4.3894736842
Calendula arvensis,7,6.5,7,6,5,0,6
Calendula officinalis,6.9545454545,6.6363636364,6.9545454545,5.8181818182,5.1818181818,0.1818181818,4.5454545455
Calepina irregularis,6,6,7,5.5,5,0.5,6.5
Calla palustris,5.4368421053,6.0210526316,6.8402061856,5.5051546392,8.9473684211,0.1767676768,3.1789473684
Callitriche hamulata,5.5157894737,5.9578947368,7.2113402062,5.3350515464,9.8958333333,0.193877551,4.3776595745
Calluna vulgaris,2.3684210526,2.4270833333,7.0257731959,4.8157894737,5.7419354839,0.306122449,3.1063829787
Caltha palustris,5.2708333333,5.90625,6.8608247423,5.1989795918,7.8085106383,0.2806122449,4.7010309278
Calystegia sepium,6.5526315789,6.6288659794,6.9114583333,5.4693877551,7.0473684211,0.2244897959,4.5260416667
Calystegia soldanella,4.875,6.4948979592,7.9744897959,5.7171717172,4.5306122449,1.3020833333,4.5520833333
Camelina sativa,6,5,6.5,5.5,5,0,5
Campanula glomerata,5.0306122449,6.6262626263,7.0606060606,5.25,4.8737373737,0.3131313131,6.3737373737
Campanula patula,5.75,6.75,7.25,5.25,5,0.5,6.25
Campanula persicifolia,5.6313131313,6.3214285714,5.6515151515,5.2828282828,4.9693877551,0.05,3.7474226804
Campanula rapunculoides,5.078125,6.5360824742,6.8163265306,5.5050505051,4.693877551,0.1666666667,5.3195876289
Campanula rapunculus,4.7684210526,6.293814433,7.0918367347,5.5102040816,4.6804123711,0.2323232323,5.7447916667
Campanula rotundifolia,3.8489583333,5.1720430108,7.0357142857,5.1340206186,4.578125,0.3010204082,5.1894736842
Cannabis sativa,5.6,6.2,6.7,5.5,6.2,0.2,5.1
Cardamine bulbifera,6,6.5,4.5,5,5.5,ND,2
Cardamine flexuosa,6.0578947368,5.8367346939,6.1354166667,5.2272727273,7.0157894737,0.1224489796,4.2447916667
Cardamine impatiens,6.5,6.6,6.15,5.5,5.8,0.1,4.6
Cardamine pratensis,5.4840425532,5.8924731183,6.8608247423,5.2628865979,7.087628866,0.4234693878,5.6684210526
Carduus crispus,6.5105263158,6.793814433,6.9072164948,5.5202020202,5.7,0.2142857143,5.265625
Carex acutiformis,5.2287234043,5.8802083333,6.6958762887,5.1632653061,7.7978723404,0.202020202,4.1
Carex appropinquata,4.6134020619,5.8402061856,6.8418367347,5.0707070707,8.0510204082,0.125,3.8608247423
Carex arenaria,3.7150537634,4.9516129032,7.234375,5.3556701031,4.3,0.3453608247,4.7083333333
Carex brizoides,4.6428571429,4.7857142857,6.2142857143,5,6.5,0.25,3.6428571429
Carex buxbaumii,3.2371134021,5.0104166667,7.1313131313,4.9848484848,7.8041237113,0.1919191919,4.1020408163
Carex caryophyllea,3.4947916667,5.9742268041,7.1683673469,5.2323232323,4.3092783505,0.1868686869,5.1770833333
Carex cespitosa,5.5,6.2525252525,7.1818181818,5.25,8.1275510204,0.2121212121,4.9393939394
Carex curta,3.8526315789,4.3031914894,6.859375,4.8556701031,8.1302083333,0.1616161616,3.6875
Carex digitata,5.4736842105,6.6479591837,5.1666666667,5.2121212121,5.118556701,0,3.0157894737
Carex echinata,3.2606382979,4.1315789474,7.1494845361,4.765625,7.8020833333,0.2424242424,4.1510416667
Carex elongata,5.390625,5.5052083333,5.96875,5.2908163265,7.765625,0.0202020202,3.2157894737
Carex ericetorum,2.3434343434,2.9234693878,7.1565656566,4.8469387755,4.1989795918,0.3434343434,4.6734693878
Carex extensa,4.9739583333,7.0867346939,7.9030612245,5.6683673469,6.828125,4.1075268817,4.7447916667
Carex lasiocarpa,3.53125,4.6302083333,7.3195876289,4.8092783505,8.625,0.1666666667,3.4010416667
Carex lepidocarpa,4.4090909091,6,6.6363636364,4.6363636364,7.2272727273,0.2,4.2272727273
Carex ligerica,3.8697916667,6.140625,7.3402061856,5.5612244898,4.0051546392,0.2373737374,5.8350515464
Carex limosa,2.325,2.925,7.775,4.075,8.625,0.2878787879,3.175
Carex ovalis,4.5263157895,4.6666666667,6.9948453608,5.0357142857,6.6684210526,0.4387755102,5.5106382979
Carex paniculata,5.2365591398,5.7789473684,6.6683673469,5.25,8.265625,0.1581632653,3.3958333333
Carex pilulifera,2.9105263158,2.8092783505,6.5257731959,4.8865979381,5.3736842105,0.2653061224,3.1808510638
Carex pulicaris,3.0670103093,4.765625,7.1632653061,4.7628865979,7.4114583333,0.1818181818,4.2422680412
Carex punctata,3.6275510204,5.0567010309,7.5459183673,5.2142857143,6.4744897959,0.7397959184,4.8010204082
Carex reichenbachii,5.0103092784,5.015625,5.8125,5.2295918367,6.1436170213,0,3.3125
Carex riparia,5.6631578947,6.2894736842,6.8659793814,5.3865979381,8.0815217391,0.2755102041,4.2021276596
Carex rostrata,3.9947368421,4.5265957447,7.34375,4.96875,8.6,0.196969697,3.7872340426
Carex sylvatica,5.9381443299,6.1785714286,4.9381443299,5.1464646465,5.6822916667,0.0050505051,3.2606382979
Carex vesicaria,4.9893617021,5.5585106383,6.9081632653,5.118556701,8.046875,0.2222222222,4.3854166667
Carex vulpina,5.5103092784,6.1887755102,6.9947916667,5.3636363636,7.40625,0.3131313131,5.0257731959
Carex vulpinoidea,5.5,5.25,7,5.5,6.5,0.5,5
Carlina vulgaris,3.6789473684,6.328125,7.0773195876,5.2575757576,4.2083333333,0.0765306122,4.6842105263
Carpinus betulus,5.8936170213,5.7127659574,5.0714285714,5.2551020408,5.6197916667,0.0151515152,2.9635416667
Carthamus tinctorius,7.25,6.5,7,5.75,5.25,0.25,4.75
Carum verticillatum,3,4.3333333333,7.1666666667,5,7.1666666667,0.1666666667,4.3333333333
Catabrosa aquatica,6.7291666667,6.875,7.3418367347,5.5918367347,9.3210526316,0.5918367347,4.7789473684
Catapodium marinum,4.2525773196,6.8418367347,8.1071428571,5.8673469388,5.6134020619,2.890625,5.7578947368
Caucalis platycarpos,4.5,6.25,6.75,5.5,4.5,0.25,4.75
Centaurea calcitrapa,5.5,6.5,7,6,5,0.5,6
Centaurea cyanus,5.6968085106,5.0631578947,6.7551020408,5.7323232323,5.0206185567,0.2373737374,4.7105263158
Centaurea jacea,4.8315789474,6.2526315789,7.0505050505,5.2244897959,5.4105263158,0.2959183673,5.7760416667
Centaurea montana,7,6,6,5.5,5.5,0,4
Centaurea solstitialis,6.25,6.75,7.75,6,5.5,0.5,4.5
Centaurium littorale,4.4114583333,6.6666666667,7.6530612245,5.4234693878,6.4166666667,1.4032258065,5.0572916667
Cerastium arvense,4.3385416667,5.7947368421,7.1887755102,5.3711340206,4.3421052632,0.3181818182,5.6263157895
Cerastium glomeratum,5.6052631579,6.0210526316,6.9948453608,5.3469387755,5.4042553191,0.4132653061,6.2708333333
Cerastium pumilum,4.2474226804,5.8298969072,7.4642857143,5.6111111111,4.1173469388,0.4343434343,5.3724489796
Cerastium semidecandrum,3.6720430108,5.6578947368,7.5154639175,5.5,3.7684210526,0.3112244898,5.4114583333
Ceterach officinarum,4.1340206186,7.2959183673,6.9948979592,6.8724489796,3.6683673469,0.25,4.0918367347
Chaerophyllum bulbosum,6.734375,6.9797979798,6.7602040816,5.5858585859,5.7886597938,0.0505050505,4.9020618557
Chamerion angustifolium,5.0691489362,4.4627659574,6.5459183673,5.293814433,5.7925531915,0.2216494845,3.6684210526
Chara species,6.9627659574,7.4842105263,5.9895833333,5.6632653061,11.828125,1.0210526316,3.8157894737
Chenopodium album,6.4157894737,6.2180851064,6.9536082474,5.7295918367,5.3072916667,0.2704081633,4.9157894737
Chenopodium botrys,6.6428571429,6.7121212121,7.5707070707,6.3585858586,5.7142857143,0.5,4
Chenopodium ficifolium,6.7474226804,6.828125,6.9639175258,5.8826530612,5.4361702128,0.2704081633,4.6614583333
Chenopodium hybridum,6.8163265306,6.8112244898,7.0510204082,5.8,5.7244897959,0.2575757576,4.5567010309
Chenopodium murale,7.12,6.99,7.29,6.06,4.88,0.362244898,4.69
Chenopodium polyspermum,6.7135416667,6.5684210526,6.9897959184,5.7653061224,5.9526315789,0.3092783505,4.824742268
Chionodoxa species,7.125,6.375,5.625,5.625,5.625,0,4.875
Chondrilla juncea,4.375,4.625,7.375,5,4.25,0.5,6.5
Cicendia filiformis,3.6649484536,4.6979166667,7.4484536082,5.4895833333,7.2864583333,0.7083333333,4.90625
Cichorium endivia,5.8333333333,6.5,7,5.6666666667,5,0.1666666667,5.3333333333
Cicuta virosa,5.6958762887,6.375,7.0765306122,5.6134020619,9.2473684211,0.2295918367,3.421875
Circaea alpina,5.5454545455,5.4545454545,4.8181818182,4.8636363636,6.6818181818,0,2.8636363636
Cirsium acaule,3.4742268041,6.8541666667,7.1288659794,5.0670103093,4.3244680851,0.0606060606,4.9368421053
Cirsium arvense,6.078125,6.4734042553,7.0927835052,5.4020618557,6.0684210526,0.421875,5.7631578947
Cirsium oleraceum,5.7083333333,6.3556701031,6.6734693878,5.1212121212,7.109375,0.2222222222,4.59375
Cirsium vulgare,5.8736842105,6.4427083333,7.0721649485,5.3367346939,5.5842105263,0.3775510204,5.5
Cladium mariscus,4.1989247312,5.9210526316,7.2760416667,5.293814433,8.8723404255,0.2295918367,2.90625
Clematis vitalba,5.6578947368,6.7577319588,6.1052631579,5.2525773196,5.1458333333,0.0303030303,3.9627659574
Clinopodium vulgare,4.3711340206,6.8659793814,6.8520408163,5.1173469388,4.6071428571,0.0204081633,4.7234042553
Coincya monensis,4.78,5.06,7.16,5.64,4.62,0.4393939394,5.36
Colchicum byzantinum,5.5,5,6,5,5.5,ND,6
Convallaria majalis,5.0212765957,4.7789473684,5.25,5.2040816327,5.375,0.0255102041,2.9
Convolvulus arvensis,5.6755319149,6.7105263158,7.0463917526,5.5360824742,5.0425531915,0.2704081633,5.7315789474
Corallorhiza trifida,3.5,6,7.5,5.5,4,0.5,5.5
Coriandrum sativum,6.6666666667,7,7,5.5,7,0.1666666667,4.8333333333
Corrigiola litoralis,4.1489361702,4.2368421053,7.3316326531,5.5707070707,5.9263157895,0.4494949495,5.25
Corydalis cava,7.0255102041,6.797979798,5.1581632653,5.4090909091,5.696969697,0.0151515152,4.9526315789
Corydalis solida,6.8505154639,6.6030927835,5.1701030928,5.4540816327,5.5612244898,0.0353535354,4.2268041237
Corylus avellana,5.6774193548,5.4052631579,5.4536082474,5.2268041237,5.9166666667,0.0202020202,3.0412371134
Corynephorus canescens,2.5913978495,3.9052631579,7.7525773196,5.3969072165,3.2736842105,0.443877551,4.6631578947
Cotula coronopifolia,6.2552083333,6.6458333333,7.7113402062,5.8826530612,7.4739583333,1.967032967,4.6789473684
Crambe maritima,7.1340206186,6.8673469388,8.0515463918,5.8888888889,5.8608247423,2.412371134,3.7552083333
Crassula helmsii,4.375,5.359375,7.2602040816,5.6919191919,9.0463917526,0.4081632653,4.0618556701
Crassula tillaea,4.2857142857,4.7857142857,7.4285714286,5.6428571429,4.7142857143,0.5,6.5
Crataegus rosiformis,6.075,6.325,6.05,5.35,5.975,0.0555555556,3.925
Crepis paludosa,5.1354166667,5.9896907216,6.412371134,4.9639175258,7.1237113402,0.137755102,4.546875
Crepis vesicaria s. taraxacifolia,5.1907216495,6.7397959184,7.2908163265,5.4030612245,4.828125,0.3131313131,6.328125
Crithmum maritimum,5.625,6.75,8.125,5.625,5.25,3.25,4
Crocus tommasinianus,5,4.875,6,5,6.5,0.25,3.75
Cruciata laevipes,5.9736842105,6.6197916667,6.7193877551,5.4175257732,5.328125,0.125,5.2
Cucubalus baccifer,6.9393939394,6.9747474747,6.0909090909,5.4393939394,6.0303030303,0.05,3.9090909091
Cuscuta campestris,5.75,5.5,6.75,6,5.25,0,4.5
Cuscuta epilinum,1.75,1.25,7.5,4.5,4.75,ND,2.5
Cuscuta lupuliformis,6.4234693878,6.797979798,7.1734693878,5.5909090909,6.2474226804,0.125,4.5459183673
Cymbalaria muralis,5.3020833333,7.4114583333,6.8298969072,6.0714285714,4.828125,0.306122449,3.6
Cynodon dactylon,4.5,6.5105263158,7.3265306122,5.6907216495,4.296875,0.2216494845,6.0368421053
Cynoglossum officinale,4.7473684211,6.2395833333,7.1302083333,5.4393939394,4.2447916667,0.1717171717,4.5421052632
Cynosurus cristatus,5.1855670103,6,7.1071428571,5.1649484536,5.921875,0.4690721649,6.4226804124
Cyperus esculentus,7,7,6.5,6,5,0,3.5
Cyrtomium falcatum,5.3282828283,6.75,6.4090909091,5.3282828283,4.1683673469,0.5,3.8367346939
Cystopteris fragilis,5.087628866,7.0309278351,5.9072164948,5.3177083333,5.1614583333,0.2908163265,3.5869565217
Cytisus scoparius,3.8989361702,3.8548387097,6.8402061856,5.2113402062,5.0106382979,0.3214285714,4.1157894737
Dactylis glomerata,5.9473684211,6.3526315789,6.9427083333,5.3917525773,5.6340206186,0.3367346939,6.0904255319
Dactylorhiza sphagnicola,2.1666666667,2.8333333333,7.5,4.3333333333,7.5,0,3.1666666667
Danthonia decumbens,2.9635416667,3.8936170213,7.1597938144,4.96875,5.7894736842,0.3010204082,4.40625
Datura stramonium,6.4639175258,6.7216494845,7.3181818182,5.943877551,4.890625,0.3181818182,4.4690721649
Daucus carota,5.1344086022,6.6578947368,7.1071428571,5.3724489796,4.9105263158,0.2806122449,5.828125
Deschampsia setacea,2.3402061856,3.8210526316,7.5050505051,5.3673469388,9.0260416667,0.3775510204,3.387755102
Descurainia sophia,6.0531914894,6.6458333333,7.293814433,5.9242424242,4.5618556701,0.306122449,4.9473684211
Dianthus deltoides,3.2894736842,4.5625,7.3080808081,5.2164948454,4.1875,0.4183673469,5.412371134
Dipsacus sativus,4.5,4,5.8333333333,4.5,5.8333333333,0,3
Doronicum pardalianches,6.8181818182,6.5454545455,5.2727272727,5.4545454545,5.6363636364,0.1414141414,4.1363636364
Doronicum plantagineum,6.7760416667,6.4329896907,5.0360824742,5.4484536082,5.8367346939,0,3.2835051546
Dryopteris cristata,4.3789473684,4.7447916667,6.4587628866,4.9793814433,8.046875,0.2142857143,3.2864583333
Dryopteris filix-mas,5.7083333333,5.546875,5.5416666667,5.2319587629,5.6666666667,0.0714285714,3.2074468085
Echinochloa crus-galli,6.6,5.9627659574,6.8928571429,5.9484536082,5.3385416667,0.2346938776,4.7916666667
Echium vulgare,4.3789473684,6.3578947368,7.3958333333,5.5408163265,4.1082474227,0.2142857143,4.9578947368
Eleocharis acicularis,5.4086021505,6.3279569892,7.1581632653,5.7113402062,9.5,0.2731958763,3.984375
Elymus caninus,6.4574468085,6.5,5.7989690722,5.362244898,6.0677083333,0.0151515152,3.8578947368
Elytrigia atherica,5.5105263158,6.7947368421,7.8072916667,5.6443298969,5.5885416667,2.6555555556,4.7368421053
Elytrigia juncea s. boreoatlantica,6.0322580645,6.9020618557,8.4081632653,5.806122449,5.6736842105,3.9402173913,3.8210526316
Elytrigia repens,6.1368421053,6.3723404255,7.0051020408,5.5051020408,5.8670212766,0.3711340206,6.0372340426
Elytrigia x littorea,6.1421052632,6.9183673469,7.8112244898,5.6734693878,5.9946808511,2.7864583333,4.2
Elytrigia x obtusiuscula,5.4375,6.8418367347,8.0618556701,5.5909090909,5.5721649485,3.4631578947,4.8917525773
Elytrigia x oliveri,5.4285714286,6.6818181818,7.9642857143,5.4646464646,5.6428571429,3,5.1785714286
Empetrum nigrum,2.5052083333,2.829787234,7,4.8631578947,5.6968085106,0.2653061224,2.9789473684
Epilobium (excl.,5.55,5.7,6.75,5.35,6.4,0.2222222222,4.5
Epilobium montanum,5.9329896907,6.118556701,5.9736842105,5.2755102041,5.9521276596,0.1082474227,3.859375
Epilobium palustre,4.6914893617,5.5105263158,7.0052083333,5.1785714286,8.0833333333,0.3125,4.0368421053
Epipactis palustris,3.7819148936,6.2393617021,7.3484848485,5.0867346939,7.1979166667,0.5824742268,4.3157894737
Equisetum arvense,5.6315789474,6.3631578947,6.9270833333,5.3724489796,5.7872340426,0.3181818182,5.6010638298
Equisetum fluviatile,5.5744680851,6.1947368421,7.1134020619,5.3020833333,8.7795698925,0.3080808081,4.5053763441
Equisetum hyemale,5.421875,6.3210526316,6.2783505155,5.2755102041,5.7105263158,0.1479591837,4.1382978723
Equisetum palustre,5.2789473684,6.0421052632,7.0052083333,5.293814433,7.688172043,0.3163265306,5.1276595745
Equisetum sylvaticum,5.05,4.87,5.46,5.01,6.52,0.0353535354,3.49
Equisetum telmateia,5.7473684211,6.2368421053,5.7731958763,5.0520833333,7.0364583333,0.0707070707,3.75
Equisetum x litorale,5.5691489362,5.8894736842,6.8368421053,5.293814433,7.4838709677,0.3232323232,4.8563829787
Eragrostis pilosa,6.3556701031,6.5051546392,7.362244898,6.3131313131,4.4791666667,0.702020202,6.359375
Eranthis hyemalis,6.6464646465,6.4646464646,5.6767676768,5.4292929293,5.5353535354,0.0454545455,4.8571428571
Erica scoparia,2.5,2.75,6.75,3.5,5,0.5,3
Erigeron annuus,5.6684210526,6.4690721649,7.1224489796,5.5612244898,5.3789473684,0.3,5.7631578947
Eriophorum angustifolium,2.5894736842,3.2688172043,7.4387755102,4.5052083333,8.1789473684,0.2346938776,3.3172043011
Erophila verna,3.7180851064,5.9263157895,7.4897959184,5.5773195876,3.7894736842,0.2704081633,5.6822916667
Erucastrum gallicum,6.3020833333,7.078125,7.2577319588,5.8636363636,5.2010309278,0.31,4.734375
Erysimum cheiri,4.9739583333,7.5714285714,7.5357142857,6.2577319588,3.9947916667,0.1666666667,4.1030927835
Eschscholzia californica,7.5,6.5,7.5,5,6,2,6
Eupatorium cannabinum,5.7736842105,6.2552083333,6.8072916667,5.2755102041,7.4130434783,0.2525773196,3.9948453608
Euphorbia amygdaloides,6.0808080808,6.2222222222,4.4696969697,5.2551020408,5.5252525253,0,3.0303030303
Euphorbia cyparissias,4.6894736842,6.5572916667,7.137755102,5.4897959184,4.3315789474,0.1414141414,5.4421052632
Euphorbia helioscopia,6.609375,6.7916666667,6.8163265306,5.8010204082,5.2239583333,0.1515151515,4.5625
Euphorbia palustris,5.6649484536,6.4578947368,6.8418367347,5.4693877551,8.1082474227,0.1818181818,3.6134020619
Euphorbia paralias,4.9684210526,6.7164948454,8.2091836735,5.6632653061,4.8802083333,1.7315789474,4.4114583333
Euphorbia peplus,6.7842105263,6.8505154639,6.7474226804,5.8520408163,5.1666666667,0.1212121212,4.4639175258
Euphorbia seguieriana,3.7244897959,6.65625,7.4898989899,5.8535353535,3.75,0.1515151515,5.4693877551
Fagopyrum esculentum,6.1368421053,6.3645833333,7.0515463918,5.7121212121,5.3177083333,0.2323232323,4.9690721649
Fagus sylvatica,4.7365591398,4.2765957447,5.40625,5.140625,5.546875,0.0505050505,2.6947368421
Fallopia convolvulus,6.0473684211,5.9736842105,6.7886597938,5.6479591837,5.1458333333,0.2040816327,4.5885416667
Fallopia dumetorum,5.8457446809,5.8020833333,6.2474226804,5.3939393939,5.4432989691,0.0808080808,3.8762886598
Festuca arenaria,4.0052083333,5.8936170213,7.5618556701,5.6288659794,4.3563829787,0.6505376344,4.9421052632
Festuca arundinacea,5.7371134021,6.6354166667,7.1173469388,5.3214285714,6.1010638298,0.5372340426,5.9947368421
Festuca gigantea,6.4329896907,6.3020833333,5.515625,5.306122449,6.3541666667,0.0151515152,3.7760416667
Festuca heterophylla,5.5,5.5,5,4.5,5.5,ND,3.5
Festuca pratensis,5.5885416667,6.079787234,7.0257731959,5.2783505155,6.4473684211,0.4393939394,6.2268041237
Festulolium loliaceum,5.9521276596,6.2783505155,7.0153061224,5.4690721649,6.2447916667,0.4444444444,6.5989583333
Filago arvensis,3,3.5,7.5,5.5,3.5,0.5,6
Filago minima,2.765625,3.5208333333,7.637755102,5.2731958763,3.71875,0.4234693878,5.078125
Filago pyramidata,5.5,6,6.5,5,5,0,4.5
Filipendula ulmaria,5.3776595745,5.953125,6.7135416667,5.1989795918,7.3958333333,0.2222222222,4.5833333333
Filipendula vulgaris,5,6,7,5.25,6.25,0,4.5
Foeniculum vulgare,6.6666666667,6.6666666667,7.1666666667,5.8333333333,5.1666666667,0.6666666667,5.3333333333
Fragaria vesca,4.8473684211,6.015625,6.4639175258,5.206185567,5.0052631579,0.1173469388,4.1145833333
Fragaria x ananassa,5.4845360825,5.6510416667,6.8010204082,5.2653061224,5.1919191919,0.25,4.8489583333
Fritillaria imperialis,7,6.5,5.5,5.5,6,0,4
Gagea lutea,6.9578947368,6.6340206186,5.4375,5.387755102,5.7760416667,0.0404040404,4.670212766
Gagea pratensis,6.6326530612,6.8195876289,6.297979798,5.601010101,5.1224489796,0.137755102,6.2268041237
Gagea spathacea,6.3092783505,6.1134020619,4.8541666667,5.2397959184,5.8520408163,0.0505050505,4.3125
Gagea villosa,5.9536082474,6.206185567,6.2091836735,5.5510204082,4.8265306122,0.0808080808,5.6822916667
Galeopsis speciosa,6.1614583333,5.8041237113,6.625,5.5103092784,6.079787234,0.1479591837,4.3315789474
Galium aparine,6.5,6.4315789474,6.4270833333,5.4381443299,6.1968085106,0.1464646465,4.3138297872
Galium odoratum,6.0677083333,6.0663265306,4.6875,5.137755102,5.5625,0.0101010101,3.0885416667
Galium palustre,5.15625,5.7864583333,6.9336734694,5.2474226804,7.8670212766,0.3265306122,4.6614583333
Galium pumilum,3.2239583333,6.875,7.1161616162,5.1020408163,4.0459183673,0.0404040404,4.8163265306
Galium sylvaticum,4.4444444444,5.6111111111,5.8333333333,5.2222222222,5.5,0,3.5
Genista anglica,2.3736842105,2.6861702128,7.1237113402,4.8556701031,5.4791666667,0.2121212121,3.4578947368
Genista pilosa,2.1979166667,2.4526315789,7.0309278351,4.706185567,4.8563829787,0.2878787879,3.3969072165
Genista tinctoria,3.2835051546,5.3031914894,7.1785714286,5.2171717172,5.2741935484,0.2323232323,4.5729166667
Gentiana cruciata,3.7216494845,5.9793814433,6.9642857143,5.2806122449,4.1443298969,0.095959596,4.6804123711
Gentiana pneumonanthe,2.1770833333,2.7210526316,7.3979591837,4.8608247423,7.3865979381,0.0909090909,3.2083333333
Gentianella campestris,3.3826530612,5.1082474227,7.101010101,5.0408163265,5.0463917526,0.3282828283,4.9329896907
Gentianella ciliata,3.4444444444,7.1666666667,7.1111111111,5,4.2777777778,0.0555555556,4.7222222222
Geranium pratense,6.1060606061,6.8636363636,7.0757575758,5.5303030303,6.1060606061,0.3265306122,5.6515151515
Geranium pyrenaicum,5.5567010309,6.7680412371,7.0353535354,5.5505050505,4.8762886598,0.2171717172,5.8333333333
Geranium robertianum,6.3,6.2708333333,5.59375,5.3092783505,5.7263157895,0.0306122449,3.6
Geranium sanguineum,6.5,7,5.5,5.5,5.5,0,4.5
Ginkgo biloba,7.25,6.5,6,5.25,6,0.5,6.25
Glaux maritima,5.3421052632,7.0412371134,7.7704081633,5.6288659794,6.8489583333,4.4782608696,4.828125
Glechoma hederacea,6.1145833333,6.3541666667,6.6855670103,5.3969072165,6.2580645161,0.2857142857,5.4521276596
Glyceria fluitans,6.0421052632,6.3279569892,7.0979381443,5.5208333333,8.3789473684,0.4285714286,5.2127659574
Glyceria maxima,6.2894736842,6.6684210526,7.1701030928,5.5206185567,8.7712765957,0.362244898,4.8
Glycine max,6.3,6.6,6.9,5.6,7.8,0.2,4.3
Gnaphalium sylvaticum,3.8138297872,3.7760416667,7.112244898,5.1020408163,5.0691489362,0.3673469388,4.8315789474
Gnaphalium uliginosum,5.5578947368,5.3244680851,7.1326530612,5.637755102,6.8191489362,0.3673469388,4.8315789474
Goodyera repens,2.9226804124,3.3195876289,6.1224489796,4.9226804124,4.7908163265,0.0757575758,2.3453608247
Graan species,6.0909090909,6.3636363636,7.2727272727,5.6818181818,5.3181818182,0.3636363636,5.8181818182
Gratiola officinalis,5.4432989691,6.6391752577,6.8939393939,5.6212121212,7.4427083333,0.2575757576,5.5052083333
Gypsophila muralis,5,5.5,7.5,5.75,5.75,0.5,5.75
Hakvrucht cultuurgewas,6.5,6.6111111111,6.8888888889,5.8333333333,5.2222222222,0.25,4.4444444444
Hammarbya paludosa,3.296875,4.2578947368,7.09375,4.595959596,8.293814433,0.2755102041,3.3958333333
Hedera helix,5.7021276596,5.3457446809,5.3092783505,5.25,5.7552083333,0.0151515152,3.0210526316
Helianthus annuus,6.4896907216,6.7680412371,7.4845360825,5.7551020408,5.8802083333,1.0154639175,4.4010416667
Helianthus tuberosus,6.2113402062,6.9336734694,7.3608247423,5.6919191919,5.5206185567,0.25,4.9387755102
Helictotrichon pratense,3.3505154639,7.1510416667,7.1428571429,5.2091836735,4.0515463918,0.0151515152,4.8072916667
Helleborus viridis,6.5,6.75,5.875,5.625,5.5,0.25,5.375
Heracleum mantegazzianum,6.828125,6.5372340426,6.5927835052,5.5206185567,6.0372340426,0.1616161616,4.4680851064
Herminium monorchis,3.5969387755,6.1597938144,7.2474747475,5.0612244898,5.8571428571,0.4642857143,4.6428571429
Hesperis matronalis,6.5757575758,6.7171717172,5.8571428571,5.4292929293,5.5707070707,0,4.0714285714
Hieracium caespitosum,4.4946236559,5.6684210526,7.0918367347,5.0816326531,5.4210526316,0.3724489796,5.71875
Hieracium laurinum,3.4898989899,5.5051020408,7.095959596,5.101010101,4.2424242424,0.3080808081,5.2121212121
Hieracium murorum ag. (incl. H. glaucinum),5.0736842105,5.5210526316,5.5053191489,5.0744680851,5.2368421053,0.0707070707,3.8157894737
Hieracium pilosella,3.4473684211,4.8085106383,7.1649484536,5.2164948454,4.3473684211,0.3265306122,5.1770833333
Hieracium sabaudum,4.40625,4.625,6.484375,5.1836734694,5.3229166667,0.297979798,4.6473684211
Hieracium umbellatum,3.5478723404,4.6075268817,7.0463917526,5.2886597938,4.6041666667,0.3367346939,4.5904255319
Hierochloe odorata,4.5260416667,5.5103092784,6.8520408163,5.1887755102,8.0416666667,0.2142857143,4.1458333333
Himantoglossum hircinum,5.5,6.8333333333,7,5.6666666667,5.1666666667,0.5,6.1666666667
Hippocrepis comosa,3.5357142857,6.9595959596,7.2929292929,5.6666666667,3.8333333333,0.0808080808,5.5
Hippophae rhamnoides,4.6315789474,6.3263157895,7.2731958763,5.4030612245,4.8548387097,0.3404255319,4.4095744681
Hippuris vulgaris,6.0752688172,7.0364583333,7.193877551,5.5707070707,9.8602150538,0.5520833333,4.0923913043
Holosteum umbellatum,5.1134020619,5.9387755102,7.1565656566,5.7676767677,4.2295918367,0.196969697,5.6302083333
Honckenya peploides,5.8789473684,6.71875,8.3556701031,5.7783505155,5.3421052632,3.0322580645,4.3229166667
Hordeum distichon,6.6326530612,6.4226804124,6.8484848485,5.898989899,4.8484848485,0.0656565657,4.5714285714
Hordeum jubatum,5.5360824742,6.8520408163,7.6919191919,5.6515151515,6.5103092784,1.9336734694,5.5572916667
Hordeum marinum,5.5867346939,7.1632653061,7.9141414141,5.797979798,6.6275510204,4.5322580645,5.3789473684
Hordeum murinum,6.1770833333,6.6927083333,7.1804123711,5.7397959184,5.0885416667,0.306122449,6.1595744681
Hordeum secalinum,5.875,6.3928571429,7.2806122449,5.4642857143,5.8210526316,1.0263157895,6.7447916667
Hordeum vulgare,6.3052631579,6.1263157895,6.7989690722,5.7216494845,5.2760416667,0.2447916667,4.7631578947
Hottonia palustris,5.8105263158,6.3092783505,7.0918367347,5.6111111111,10.2736842105,0.2244897959,3.8924731183
Humulus lupulus,6.125,5.8541666667,6.0408163265,5.3775510204,6.6770833333,0.0353535354,3.4020618557
Huperzia selago,2.5,2.5,6.4,4.1,4.9,ND,3
Hyacinthus orientalis,6.8333333333,6.5,4.3333333333,5.6666666667,5.3333333333,ND,3.1666666667
Hydrocharis morsus-ranae,6.2760416667,6.8711340206,7.137755102,5.8163265306,10.5263157895,0.3469387755,3.8894736842
Hyoscyamus niger,6.3571428571,6.6818181818,7.2878787879,5.7171717172,5.1785714286,0.1767676768,4.7857142857
Hypericum androsaemum,6.5,6.5,6,5.25,5.5,0.5,3.25
Hypericum elodes,2.8789473684,3.8736842105,7.4234693878,5.4329896907,9.1237113402,0.2653061224,3.5368421053
Hypericum montanum,5.6,5.7,5.55,5.1,5.4,0.0808080808,4
Hypericum perforatum,4.4247311828,5.3723404255,7.0103092784,5.2731958763,4.8421052632,0.303030303,5.2395833333
Iberis umbellata,7.5,7,7,6,6,0.5,3.5
Ilex aquifolium,4.78125,4.1755319149,5.4587628866,5.1989795918,5.609375,0.0505050505,2.6
Illecebrum verticillatum,3.7659574468,3.706185567,7.2040816327,5.5257731959,6.1329787234,0.3775510204,5.1276595745
Impatiens glandulifera,6.9842105263,6.7105263158,6.15625,5.6479591837,6.7789473684,0.0555555556,4.1473684211
Inula conyzae,4.6927083333,6.7,6.8144329897,5.3469387755,4.5618556701,0.0555555556,4.4631578947
Isatis tinctoria,5.5051020408,7.2929292929,7.5,5.6616161616,4.8787878788,0.0404040404,5.4191919192
Isolepis setacea,4.3608247423,5.1105263158,7.1326530612,5.2448979592,7.1947368421,0.5051546392,5.3645833333
Jasione montana,3.0208333333,3.8670212766,7.3724489796,5.3484848485,3.9479166667,0.4795918367,4.9789473684
Juglans regia,6.203125,6.6,6.4526315789,5.5824742268,5.5206185567,0.2121212121,5.2880434783
Juncus acutiflorus,4.0691489362,4.8789473684,7.1082474227,5.0515463918,7.4842105263,0.303030303,4.75
Juncus articulatus,5.0473684211,6.0052631579,7.2040816327,5.3645833333,7.8157894737,0.5412371134,5
Juncus bufonius,5.4789473684,5.6368421053,7.1989795918,5.4896907216,6.9677419355,0.5478723404,5.3
Juncus bulbosus,2.953125,3.8882978723,7.2628865979,5.1927083333,8.7340425532,0.2602040816,3.6382978723
Juncus capitatus,3.9690721649,4.4484536082,7.4292929293,5.5656565657,6.7295918367,0.3333333333,5.0154639175
Juncus conglomeratus,4.125,4.7606382979,7.0204081633,5.0051020408,7.2604166667,0.3214285714,4.6382978723
Juncus effusus,4.9032258065,4.9840425532,6.921875,5.1822916667,7.2872340426,0.3112244898,4.6421052632
Juncus ensifolius,5.5,5.5,7,5,6.5,0.5,6
Juncus filiformis,4.0053191489,4.7,7.112244898,4.8298969072,7.9175257732,0.3282828283,5.0260416667
Juncus maritimus,5.3368421053,6.9114583333,7.8367346939,5.6907216495,6.9375,3.164893617,4.5416666667
Juncus pygmaeus,3.5989583333,4.2684210526,7.5663265306,5.7010309278,7.5618556701,0.4795918367,4.6105263158
Juncus squarrosus,2.3172043011,2.453125,7.3041237113,4.8711340206,6.4840425532,0.2244897959,3.6329787234
Juncus subnodulosus,4.206185567,5.4157894737,7.0459183673,5.046875,8.2210526316,0.3928571429,3.7368421053
Juniperus communis,2.7765957447,2.6542553191,6.6052631579,4.881443299,5.1458333333,0.2704081633,2.6875
Kerria japonica,6.5,6.5,4.5,4.5,7,ND,3.5
Kickxia elatine,5.6804123711,6.8673469388,6.7272727273,5.887755102,4.9489795918,0.0353535354,4.5204081633
Knautia arvensis,4.2604166667,6.8333333333,7.056122449,5.2783505155,4.4427083333,0.1060606061,5.3645833333
Laburnum anagyroides,4.8,5.4,6.3,5.5,5.5,0.25,3.6
Lactuca saligna,5.5,7.25,7.5,6,4.5,0.25,6.25
Lactuca sativa,7.5,6.5,7,6,5.5,0,4.5
Lactuca serriola,6.234375,6.7760416667,7.2091836735,5.7113402062,5.4032258065,0.2704081633,5.25
Lactuca tatarica,4,7,8.5,6,4.5,1,5
Lactuca virosa,5.375,5.625,6.75,5.75,4.75,0,4.875
Lamium amplexicaule,6.5773195876,6.5463917526,6.7577319588,5.8571428571,5.03125,0.1616161616,4.5578947368
Lappula squarrosa,6.1111111111,6.8888888889,7.6111111111,5.7222222222,4.5555555556,0.1666666667,4.6666666667
Lapsana communis,6.3842105263,6.3105263158,6.34375,5.4948979592,5.6614583333,0.137755102,4.7021276596
Larix kaempferi,4,3.2712765957,5.8473684211,4.984375,5.4734042553,0.2193877551,2.6052631579
Lathyrus japonicus,4.2373737374,6.125,7.5606060606,5.3080808081,4.1161616162,0.4292929293,5.1262626263
Lathyrus linifolius,3.5638297872,3.8402061856,5.8854166667,5.1546391753,5.1683673469,0.0353535354,3.6340206186
Lathyrus nissolia,5.25,6.7908163265,7.0808080808,5.4595959596,5.0816326531,0.4591836735,5.9540816327
Lathyrus palustris,4.5260416667,5.8020833333,6.9489795918,5.1785714286,8.0736842105,0.2091836735,4.0824742268
Lathyrus pratensis,5.6631578947,6.5309278351,6.9797979798,5.2755102041,6.0372340426,0.3316326531,5.9684210526
Lathyrus sylvestris,5.1736842105,6.3969072165,6.3865979381,5.2397959184,5.0618556701,0.2040816327,4.640625
Lathyrus tuberosus,5.7578947368,6.9387755102,6.9744897959,5.4948979592,5.2291666667,0.2295918367,5.6947368421
Leersia oryzoides,6.1770833333,6.6887755102,7.2397959184,5.5663265306,8.8,0.2323232323,4.3020833333
Lemna gibba,6.6631578947,7.1458333333,7.25,5.8571428571,10.435483871,0.5309278351,4.4402173913
Lemna minuta,6.4329896907,6.8697916667,7.1581632653,5.7424242424,9.9893617021,0.3838383838,3.8776595745
Lemna trisulca,6.3947368421,7.0364583333,7.1581632653,5.8775510204,10.6458333333,0.4948453608,4.2127659574
Leonurus cardiaca,7.056122449,6.8333333333,6.8826530612,5.7222222222,5.1919191919,0.0555555556,4.90625
Lepidium campestre,5.2422680412,6.0357142857,7.1262626263,5.4387755102,4.8520408163,0.25,5.4226804124
Lepidium draba,5.8144329897,6.8762886598,7.137755102,5.612244898,4.9791666667,0.3645833333,5.9684210526
Lepidium graminifolium,6,7,7.5,6.25,4.75,0.25,5.5
Lepidium heterophyllum,4.6,5.1,7.2,5.2,4.6,0.5,6.1
Lepidium latifolium,5.8333333333,7,7.3888888889,5.6666666667,6.1111111111,0.6111111111,5.8333333333
Lepidium ruderale,6.3385416667,6.6927083333,7.5204081633,5.8112244898,5.0773195876,0.8404255319,5.4468085106
Lepidium sativum,6.5606060606,6.8131313131,6.875,5.6868686869,5.4948979592,0.375,5.0656565657
Leucojum aestivum,6.2736842105,6.5309278351,6.8418367347,5.6288659794,7.9175257732,0.2070707071,4.5714285714
Leucojum vernum,6.4545454545,6,5.4090909091,5.3636363636,5.8181818182,0,4.4545454545
Leymus arenarius,5.6421052632,6.7021276596,8.087628866,5.7091836735,5.015625,1.623655914,4.2447916667
Ligustrum ovalifolium,6.3979591837,6.6464646465,6.3163265306,5.4387755102,5.7731958763,0.1111111111,4.0412371134
Limonium vulgare,5.4479166667,7.1785714286,8.2653061224,5.7806122449,7.046875,6.8586956522,3.7684210526
Limosella aquatica,5.8697916667,6.3762886598,7.3112244898,5.8316326531,7.8578947368,0.5567010309,4.2268041237
Linaria vulgaris,5.0578947368,5.8052631579,7.0721649485,5.387755102,5.0159574468,0.3350515464,5.4010416667
Linnaea borealis,2.9285714286,2.9285714286,6.0707070707,4.4949494949,5,0.25,3.0714285714
Linum catharticum,3.875,6.4587628866,7.2091836735,5.1363636364,5.5,0.3917525773,4.9427083333
Linum usitatissimum,6.1210526316,6.4285714286,7.175257732,5.5656565657,5.3556701031,0.7628865979,5.390625
Liparis loeselii,3.7731958763,6.2083333333,7.3636363636,5.0773195876,7.9381443299,0.618556701,3.8367346939
Littorella uniflora,2.9627659574,4.953125,7.3838383838,5.2397959184,9.1736842105,0.587628866,3.293814433
Lobelia dortmanna,2.0309278351,4.34375,7.25,4.984375,9.7552083333,0.362244898,2.4948453608
Lobelia inflata,5,5.5,7,5.5,6.5,0.5,5
Lobularia maritima,6,6.75,7.25,6,4.75,0,4.75
Lolium remotum,5,6,7.5,5.5,4.5,0.5,6
Lolium temulentum,6.5,7,6.75,6,5,0.25,4.5
Lotus pedunculatus,4.8210526316,5.4315789474,7.0051020408,5.1340206186,7.2445652174,0.3939393939,5.1368421053
Ludwigia palustris,4.8947368421,5.2680412371,7.3010204082,5.7448979592,9.1354166667,0.2272727273,3.6979166667
Lunaria annua,6.4536082474,6.2040816327,5.9795918367,5.404040404,5.7346938776,0.06,3.806122449
Lychnis coronaria,5.5,6,7,5.5,4.5,0,5.5
Lycium barbarum,5.66,6.66,7.14,5.74,5.04,0.3333333333,4.94
Lycium chinense,5.5707070707,7.0707070707,7,5.5,5.0707070707,0.4292929293,6.3585858586
Lycopodiella inundata,2.0309278351,2.4639175258,7.6224489796,4.7010309278,7.9427083333,0.0555555556,2.9020618557
Lycopus europaeus,5.6436170213,6.0927835052,6.9166666667,5.3979591837,7.9193548387,0.2422680412,4.0729166667
Lysimachia nemorum,5.7164948454,5.90625,5.1649484536,4.9696969697,6.5677083333,0.0353535354,3.5736842105
Lysimachia nummularia,5.6276595745,6.1875,6.7783505155,5.3418367347,7.1595744681,0.3282828283,5.3315789474
Lysimachia punctata,5.1614583333,5.3125,6.4322916667,5.5454545455,6.0206185567,0.2272727273,4.2628865979
Lysimachia thyrsiflora,5,5.7074468085,6.8697916667,5.3080808081,8.4684210526,0.193877551,3.7291666667
Lythrum portula,4.5591397849,4.7135416667,7.2806122449,5.5816326531,8.1542553191,0.3265306122,4.5104166667
Mahonia aquifolium,5.7395833333,6.3578947368,5.9381443299,5.3939393939,4.9947916667,0.0808080808,3.4375
Maianthemum bifolium,4.4947916667,4.0578947368,5.3298969072,5.2371134021,5.6947368421,0.0252525253,2.7916666667
Malcolmia maritima,6.5,7,7,6,6.5,0.5,6.5
Malus sylvestris,5.414893617,5.4468085106,6.1822916667,5.3608247423,5.6631578947,0.1428571429,3.6473684211
Malva moschata,5.4583333333,6.2368421053,7.095959596,5.4132653061,5.1082474227,0.3282828283,5.6526315789
Marrubium vulgare,6.4343434343,6.5707070707,7.25,5.7575757576,5.0555555556,0.125,5.1428571429
Marsilea quadrifolia,6.5,5.75,7.5,6,9,0.75,4.5
Matricaria discoidea,6.4948453608,6.4583333333,7.1030927835,5.6212121212,5.6197916667,0.3969072165,5.84375
Matteuccia struthiopteris,6.1071428571,5.8979591837,5.3367346939,5.0757575758,6.0051020408,0,3.0306122449
Medicago falcata,4.7052631579,6.7731958763,7.2551020408,5.5918367347,4.3854166667,0.2070707071,6.0104166667
Medicago lupulina,5.4,6.7577319588,7.0816326531,5.3469387755,5.0210526316,0.293814433,6.0572916667
Medicago sativa,5.8157894737,6.7604166667,7.0714285714,5.4948979592,5.140625,0.2857142857,5.8263157895
Melampyrum pratense,3.6666666667,3.5372340426,6.015625,5.109375,5.5319148936,0.1414141414,3.3092783505
Melissa officinalis,6.5,7,6.5,5.75,6.25,0,4.5
Mentha aquatica,5.3031914894,6.2894736842,7.0824742268,5.3298969072,8.0913978495,0.3645833333,4.3473684211
Mentha arvensis,5.4042553191,5.7553191489,6.9744897959,5.3969072165,7.0537634409,0.3041237113,4.9791666667
Mentha longifolia,6.703125,7.0103092784,6.9381443299,5.4444444444,7.247311828,0.19,4.8421052632
Mentha pulegium,5.6666666667,6.4545454545,7.0303030303,5.7121212121,7.2878787879,0.4545454545,5.4090909091
Mentha spicata,7,7,7,5.75,6.25,0.25,4.25
Mentha x dumetorum,5.25,5.75,6.75,5.25,5.5,0,4.5
Mentha x piperita,6,7,7,5.5,7,0.5,6
Mentha x verticillata,5.5860215054,6.3031914894,7.0463917526,5.3928571429,7.7916666667,0.2806122449,4.875
Menyanthes trifoliata,4.0368421053,5.1315789474,7.2319587629,5.0309278351,8.5989583333,0.196969697,3.7736842105
Mercurialis annua,6.6947368421,6.7135416667,6.8541666667,5.9742268041,4.9845360825,0.0808080808,4.5257731959
Mercurialis perennis,6.1666666667,6.4175257732,4.5729166667,5.0918367347,5.5364583333,0,3.0208333333
Mespilus germanica,5.3177083333,5.265625,5.2422680412,5.4072164948,5.5206185567,0.0151515152,2.706185567
Mibora minima,3.7446808511,5.0408163265,7.7040816327,5.8181818182,3.7346938776,0.5,5.7113402062
Micropyrum tenellum,5.375,6.5,7,5,5.25,0.5,6.625
Milium effusum,5.8,5.5052631579,5.0257731959,5.2295918367,5.671875,0.0050505051,3.0421052632
Mimulus moschatus,5,4.75,7,5,8.75,0,4.5
Misopates orontium,6.0309278351,5.4226804124,6.8418367347,5.9536082474,4.9,0.1785714286,4.3020833333
Moehringia trinervia,5.6947368421,5.65625,5.8072916667,5.2216494845,5.5106382979,0.0408163265,3.4736842105
Moenchia erecta,2.9081632653,6.7551020408,7.5,5.6616161616,3.7448979592,0.0808080808,5.3232323232
Molinia caerulea,2.8842105263,3.0904255319,6.8195876289,4.9375,6.6989247312,0.1989795918,3.0572916667
Monotropa hypopitys,4.25,4.8505154639,6.1479591837,5.0714285714,5.0773195876,0.0757575758,3.618556701
Montia fontana,5.1842105263,4.9631578947,6.8711340206,5.3402061856,7.4680851064,0.3775510204,5.6276595745
Muscari comosum,5,6.6111111111,7.2222222222,5.7777777778,4.1666666667,0.2777777778,4.9444444444
Muscari latifolium,7.1666666667,6.6666666667,5.8333333333,5.5,5.6666666667,0,5
Mycelis muralis,5.8617021277,5.9784946237,5.4329896907,5.2525773196,5.5315789474,0.0202020202,3.40625
Myosotis arvensis,5.8440860215,6.1907216495,6.796875,5.5154639175,5.2105263158,0.2346938776,5.1041666667
Myosotis laxa s. cespitosa,5.5105263158,5.8421052632,7.0765306122,5.387755102,7.9105263158,0.4432989691,4.9322916667
Myosotis scorpioides,5.8697916667,6.3958333333,7.056122449,5.484375,8.3387096774,0.3636363636,4.9361702128
Myosotis sylvatica,6.2525773196,6.3556701031,5.1082474227,5.2602040816,5.6578947368,0.0151515152,3.4583333333
Myosurus minimus,6.4432989691,6.2894736842,7.2704081633,5.8505154639,5.9583333333,0.5663265306,6.4114583333
Myrica caroliniensis,3.25,3,6,5,6.25,0,2.25
Myriophyllum aquaticum,5.7777777778,6.7222222222,7.0051020408,5.5656565657,10.3686868687,0.5555555556,4.5
Myriophyllum spicatum,6.8333333333,7.8958333333,5.9375,5.9030612245,11.6614583333,0.8608247423,4.3457446809
Myriophyllum verticillatum,6.359375,6.8298969072,6.8453608247,5.7777777778,10.9157894737,0.3144329897,4.0789473684
Nardus stricta,2.5263157895,2.9787234043,7.2135416667,4.9010416667,5.7637362637,0.3010204082,4.0107526882
Narthecium ossifragum,1.8854166667,2.2819148936,7.5463917526,4.4278350515,7.9427083333,0.0404040404,2.6546391753
Neottia nidus-avis,5.6887755102,6.2295918367,5.4234693878,5.2121212121,5.46875,0.0353535354,3.2295918367
Neslia paniculata,6,5.5,6.5,6,5,0,4
Nicandra physalodes,7.0858585859,6.4141414141,7,6,5.1666666667,0.1666666667,4.6717171717
Nitella species,5.4583333333,6.5212765957,6.9791666667,5.7272727273,10.7872340426,0.4132653061,3.4536082474
Nitellopsis obtusa,4.5520833333,7.0463917526,6.0154639175,5.9166666667,11.9387755102,0.9690721649,2.9693877551
Nitellopsis species,5.5,6.5,7.5,5.5,4.5,0.5,4.5
Nymphoides peltata,6.5721649485,7.1958762887,7.2704081633,5.9897959184,10.5904255319,0.4183673469,4.1631578947
Oenanthe aquatica,6.1614583333,6.4793814433,7.0989583333,5.612244898,8.9574468085,0.3214285714,4.4421052632
Oenanthe crocata,6.5,6.75,7.5,5.75,7,1,4.75
Oenanthe fistulosa,5.9020618557,6.5463917526,7.0816326531,5.6428571429,8.4473684211,0.4285714286,5.0416666667
Oenanthe pimpinelloides,5,5.5,7,5.5,5.5,0.5,7
Oenanthe silaifolia,7,7,7.5,6,6,0.5,5
Onobrychis viciifolia,4.9242424242,7,7,5.3333333333,4.5858585859,0.1666666667,6.2575757576
Onoclea sensibilis,5,6,7.5,5.5,9.5,0.5,2.5
Onopordum acanthium,6.1157894737,6.6340206186,7.4387755102,5.824742268,4.7708333333,0.2525773196,4.9789473684
Ophioglossum vulgatum,4.0578947368,5.671875,7.0510204082,5.0969387755,6.890625,0.5257731959,4.7421052632
Ophrys apifera,4.1804123711,7.0459183673,7.0404040404,5.2171717172,4.6666666667,0.101010101,5.2070707071
Ophrys insectifera,5.1443298969,7,5.5969387755,5.2929292929,4.9234693878,0,3.5252525253
Orchis coriophora,3.3080808081,6.1313131313,7.7525252525,6.0050505051,4.5606060606,0.2828282828,5.3826530612
Orchis mascula,5.7551020408,6.4494949495,4.9494949495,5.2575757576,5.3585858586,0,3.0606060606
Orchis militaris,4.5729166667,6.9845360825,6.3917525773,5.137755102,4.8072916667,0.0353535354,4.28125
Orchis morio,3.7731958763,5.3936170213,7.0656565657,4.9234693878,5.6473684211,0.4381443299,5.3315789474
Orchis purpurea,5.7886597938,6.7575757576,5.1734693878,5.303030303,5.2171717172,0,3.056122449
Orchis simia,5,7,7,5.5,4.5,0,4.5
Oreopteris limbosperma,4.75,4.5714285714,5.5357142857,4.8585858586,6,0.0606060606,3.2857142857
Ornithogalum pyramidale,6,6.5,7.5,5.5,4.5,0,4.5
Ornithopus sativus,5.2577319588,4.5833333333,7,5.6428571429,4.6173469388,0.4292929293,4.75
Orobanche caryophyllacea,3.7525773196,6.1458333333,7.2755102041,5.5454545455,3.9081632653,0.2121212121,5.2680412371
Orobanche hederae,5.5,7,5.75,5.5,4.5,ND,3
Orobanche minor,5.2653061224,6.8181818182,6.9898989899,5.3383838384,5.0612244898,0.25,6.1224489796
Orobanche picridis,3.7091836735,6.2857142857,7.1683673469,5.4795918367,3.9846938776,0.2777777778,4.9234693878
Orobanche reticulata,5.0555555556,7.1919191919,7.1868686869,5.0858585859,4.9343434343,0.4191919192,6.6717171717
Osmunda regalis,4.2340425532,4.0729166667,6.2135416667,5.1597938144,7.0625,0.1363636364,3.0721649485
Pachysandra terminalis,6,4.75,6.5,5.5,5.5,ND,3.5
Panicum capillare,6.7,6.3,7,6,6,0.25,4.6
Panicum miliaceum,7.5,7.25,7.5,6,6,0.25,4.75
Papaver somniferum,6.2142857143,6.5757575758,6.9292929293,5.6060606061,6.25,0.2878787879,5
Parapholis strigosa,5.046875,7.0918367347,7.9234693878,5.7171717172,6.6666666667,4.7795698925,5.0052631579
Paris quadrifolia,6.1822916667,6.324742268,4.8265306122,5.1530612245,5.8402061856,0,3.1030927835
Parnassia palustris,3.7263157895,6.1210526316,7.387755102,5.1145833333,7.21875,0.6683673469,4.3072916667
Pedicularis palustris,3.8072916667,5.3210526316,7.1868686869,4.9642857143,8.0885416667,0.3520408163,4.2631578947
Pedicularis sylvatica,2.5618556701,3.3315789474,7.2142857143,4.7989690722,7.1010638298,0.1060606061,3.7886597938
Persicaria amphibia,5.9736842105,6.4263157895,7.0463917526,5.5306122449,7.6914893617,0.3775510204,5.4734042553
Persicaria bistorta,5.0315789474,5.5729166667,6.7447916667,4.9540816327,6.9157894737,0.3333333333,5.2315789474
Persicaria hydropiper,6.2074468085,6.1421052632,7.0515463918,5.5714285714,7.8152173913,0.3838383838,5.1315789474
Persicaria maculosa,6.2760416667,6.1755319149,6.943877551,5.6428571429,6.0585106383,0.324742268,5.0677083333
Petrorhagia prolifera,4.7,6.15,7.3,5.5,4.3,0.35,6.15
Petroselinum crispum,6,6.75,7,6,5.75,0.75,5
Peucedanum carvifolia,5.6030927835,6.6836734694,7.0505050505,5.4387755102,5.1134020619,0.3383838384,6.3958333333
Peucedanum palustre,4.6947368421,5.3842105263,6.8144329897,5.2091836735,8.21875,0.1683673469,3.6157894737
Phacelia tanacetifolia,5.9479166667,5.3631578947,6.9336734694,5.6734693878,5,0.2727272727,4.6770833333
Phalaris arundinacea,6.1510416667,6.4114583333,6.953125,5.4285714286,7.5806451613,0.3232323232,5.2074468085
Phalaris canariensis,6.3080808081,6.9343434343,7.3131313131,5.625,5.6785714286,0.4343434343,5.387755102
Phaseolus coccineus,7,6.25,6.75,6,5.25,0,4.25
Phaseolus vulgaris,6.8775510204,6.4393939394,6.75,5.9393939394,5.1224489796,0.1414141414,4.3080808081
Phleum arenarium,3.4052631579,6.0315789474,7.75,5.5867346939,3.4895833333,0.2989690722,5.2291666667
Phragmites australis,5.7925531915,6.3385416667,7.0206185567,5.3385416667,8.0494505495,0.421875,4.25
Physalis alkekengi,6.5,7.25,7,6.125,5.375,0,4.75
Physalis peruviana,7,7,7.5,5.75,6.5,0.5,4.25
Picea abies,4.085106383,3.4946808511,5.7864583333,4.7083333333,5.6145833333,0.1565656566,2.4322916667
Picea sitchensis,4.3829787234,3.8085106383,5.9255319149,5.0473684211,5.5154639175,0.1161616162,2.7577319588
Picris echioides,5.9479166667,6.9432989691,7.0612244898,5.5612244898,5.2422680412,0.297979798,5.4791666667
Pilularia globulifera,3.5263157895,4.5789473684,7.3724489796,5.5612244898,9.1354166667,0.2908163265,3.8263157895
Pinguicula vulgaris,2.7371134021,4.5773195876,7.2422680412,4.7142857143,7.5721649485,0.1464646465,3.8645833333
Pinus contorta,2.75,3,6,5.25,6.25,ND,2
Pinus mugo,4.35,4.75,6.5,4.7,5,0.2828282828,3.25
Pinus pinaster,3.6489361702,3.5842105263,6.4639175258,5.3402061856,5.2083333333,0.1919191919,2.9166666667
Pinus strobus,3.5309278351,2.9896907216,5.828125,4.7010309278,5.2989690722,0.3888888889,2.2239583333
Pisum sativum,6.5051020408,6.2010309278,6.7676767677,5.7676767677,5.324742268,0.303030303,4.7551020408
Plantago arenaria,4.7653061224,6.3939393939,7.6919191919,5.75,4.25,0.3131313131,4.9393939394
Plantago coronopus,4.9095744681,6.6808510638,7.7295918367,5.6734693878,5.9627659574,2.5,5.5833333333
Plantago maritima,5.4375,7.1546391753,8,5.6632653061,6.765625,5.6989247312,4.6223404255
Platanthera chlorantha,4.5421052632,6.7083333333,6.3865979381,5.1683673469,4.9432989691,0.0858585859,4.3762886598
Platanus hispanica,6.6836734694,6.193877551,5.6134020619,5.3214285714,5.7319587629,0.0656565657,4.3659793814
Poa annua,6.2819148936,6.2736842105,7.0463917526,5.587628866,5.8602150538,0.4742268041,6.3736842105
Poa bulbosa,3.6684210526,5.6736842105,7.5707070707,5.8724489796,3.7989690722,0.3080808081,5.9375
Poa chaixii,5.4285714286,5.25,5.5357142857,5.1414141414,5.4292929293,0.1414141414,4
Poa nemoralis,5.8421052632,5.65625,5.4375,5.2704081633,5.7916666667,0.0202020202,3.4734042553
Poa palustris,5.765625,6.375,6.8979591837,5.3418367347,7.5698924731,0.2070707071,4.6315789474
Poa pratensis,5.2447916667,5.9739583333,7.0154639175,5.3144329897,5.4,0.381443299,5.920212766
Polycarpon tetraphyllum,5,6,7.5,5,5,0,7
Polycnemum arvense,6.1,6.4,7,5.8,5.9,0.3,5.3
Polygala comosa,3.9587628866,7.1494845361,7.0306122449,5.1464646465,4.4132653061,0.0050505051,4.8608247423
Polygonatum verticillatum,4.2222222222,3.8333333333,5.2222222222,5,5.2222222222,0,2.9444444444
Polygonum maritimum,6.5,7,8.25,5.75,7.25,2.75,4
Polypogon monspeliensis,5.5,7.5,7.5,6,8,2,5
Polystichum lonchitis,5.5,5.5,5.75,4.75,5.5,0,4.5
Pontederia cordata,7.8333333333,7,7.6666666667,6,7.6666666667,0.5,3.6666666667
Populus gileadensis,5.6,5.9639175258,6.3571428571,5.3232323232,5.6666666667,0.1632653061,3.8541666667
Populus tremula,4.9095744681,4.6861702128,6.1785714286,5.2653061224,5.8958333333,0.095959596,3.2819148936
Populus x canadensis,6.2886597938,6.1822916667,6.0824742268,5.3316326531,6.34375,0.0765306122,3.7795698925
Portulaca oleracea,6,5.8333333333,7,6.1666666667,5.5,0.25,4.1666666667
Potamogeton coloratus,5.5606060606,7.2121212121,7.5454545455,5.696969697,10.0606060606,0.8484848485,3.5969387755
Potamogeton nodosus,6.4432989691,7.6632653061,6.387755102,5.9595959596,11.5867346939,0.4587628866,3.3939393939
Potamogeton pectinatus,7.3865979381,7.6581632653,6.2193877551,5.7525773196,11.7164948454,1.1105263158,4.4
Potamogeton polygonifolius,3.5842105263,4.4427083333,7.293814433,5.5052083333,9.6315789474,0.2857142857,3.6182795699
Potamogeton trichoides,6.1770833333,6.6581632653,7.193877551,5.7653061224,10.6510416667,0.3711340206,4.2096774194
Potentilla anglica,4.3157894737,4.9631578947,6.9896907216,5.0816326531,6.6542553191,0.4387755102,4.9569892473
Potentilla anserina,5.6542553191,6.3829787234,7.1785714286,5.4540816327,6.7021276596,0.7239583333,5.703125
Potentilla argentea,3.4791666667,4.5578947368,7.4795918367,5.4278350515,3.8882978723,0.4242424242,5.9072164948
Potentilla erecta,3.2157894737,4.0425531915,7.03125,4.9226804124,6.703125,0.2755102041,4.1526315789
Potentilla indica,6.5103092784,6.6288659794,5.6632653061,5.1616161616,5.4381443299,0.1,3.7947368421
Potentilla palustris,4.0106382979,4.8842105263,7.1145833333,5.0824742268,8.4210526316,0.2244897959,3.734375
Potentilla reptans,5.6542553191,6.5927835052,6.9948979592,5.4285714286,5.625,0.3265306122,6.0421052632
Potentilla sterilis,5.6631578947,6.2319587629,5.3608247423,5.1224489796,5.4583333333,0.145,3.8052631579
Potentilla verna,3.3144329897,6.3229166667,7.3367346939,5.5510204082,3.887755102,0.1313131313,5.296875
Prunus cerasifera,5.7708333333,5.4375,5.7121212121,5.2222222222,5.8282828283,0.1,3.1546391753
Prunus laurocerasus,5,5,4.5,5.5,5,ND,2.5
Prunus mahaleb,5,5.6666666667,6.3333333333,5.6666666667,6.3333333333,0.3333333333,5
Prunus padus,5.8684210526,5.6842105263,5.6510416667,5.25,6.390625,0.0252525253,3.1458333333
Prunus spinosa,6.0483870968,6.1473684211,6.1224489796,5.2959183673,5.9042553191,0.0656565657,3.7525773196
Pseudotsuga menziesii,3.8085106383,3.123655914,5.7395833333,4.8541666667,5.324742268,0.2244897959,2.3645833333
Pteridium aquilinum,4.1774193548,3.7368421053,5.7010309278,5.1649484536,5.5360824742,0.0808080808,2.7127659574
Pulicaria dysenterica,5.3802083333,6.7291666667,7.2346938776,5.3724489796,6.640625,0.6354166667,5.1354166667
Pulsatilla vulgaris,2.5,4.5,7,5,4,0.5,5
Pyrus communis,5.8578947368,6.0425531915,6.1510416667,5.4696969697,5.7708333333,0.095959596,3.9263157895
Quercus cerris,5.6887755102,6.2653061224,5.5858585859,5.6224489796,5.5050505051,0,2.7878787879
Quercus palustris,3.984375,3.8928571429,6.3520408163,5.5459183673,7.1134020619,0,2.4949494949
Quercus petraea,3.8882978723,3.5053191489,5.5885416667,5.1907216495,5.3802083333,0.0505050505,2.4791666667
Quercus robur,4.5217391304,4.2819148936,6.118556701,5.2268041237,5.7819148936,0.1565656566,3.1631578947
Radiola linoides,3.5625,4.6875,7.3917525773,5.2653061224,6.8723404255,0.59375,4.9
Ranunculus arvensis,5.6597938144,6.8505154639,6.6515151515,5.9444444444,4.887755102,0.0656565657,4.6134020619
Ranunculus bulbosus,4.640625,6.2783505155,7.1428571429,5.3367346939,4.5979381443,0.3112244898,6.0572916667
Ranunculus ficaria,6.4329896907,6.3958333333,5.84375,5.2908163265,6.1894736842,0.1530612245,4.6129032258
Ranunculus flammula,4.585106383,5.2368421053,7.118556701,5.2268041237,7.876344086,0.4432989691,4.8578947368
Ranunculus hederaceus,6.1473684211,5.1368421053,7.2886597938,5.2653061224,9,0.3469387755,4.8989361702
Ranunculus monspeliacus,6.5,6.5,6.5,6,5,0.5,6.5
Raphanus raphanistrum,6.1684210526,5.6075268817,6.8232323232,5.6632653061,5.1947368421,0.2272727273,4.796875
Raphanus sativus,6.3144329897,6.0364583333,7.0151515152,5.6464646465,5.4020618557,0.4795918367,4.9072164948
Rapistrum rugosum,6.4646464646,6.9343434343,7.0353535354,5.6020408163,5.5360824742,0.2323232323,5.6443298969
Reseda luteola,5.4894736842,6.9381443299,7.3838383838,5.7222222222,4.6631578947,0.2777777778,5.1631578947
Rhamnus cathartica,5.2021276596,6.2789473684,6.421875,5.2422680412,5.5691489362,0.1326530612,3.7239583333
Rhamnus frangula,3.9677419355,3.7180851064,6.1443298969,5.2239583333,6.2234042553,0.112244898,2.8210526316
Rheum x hybridum,7,6.6666666667,6.5,5.5,5.5,0.1666666667,5.5
Rhus hirta,4.5,3,6,5.5,5,ND,3
Ribes alpinum,6.45,6.39,5.22,5.24,5.65,0,3.28
Ribes rubrum,6.1666666667,6.0526315789,5.4583333333,5.3080808081,6.1875,0.0101010101,3.1822916667
Ribes uva-crispa,6.2421052632,6.1842105263,5.4114583333,5.2755102041,5.6473684211,0.0202020202,3.1979166667
Ricinus communis,7,7.0707070707,6.8585858586,5.5,6.7171717172,0.3585858586,4.7857142857
Robinia pseudoacacia,5.7608695652,5.0107526882,5.5979381443,5.3762886598,5.3526315789,0.0757575758,2.9736842105
Rorippa palustris,6.328125,6.2135416667,7.1224489796,5.6313131313,7.3085106383,0.4278350515,5.1237113402
Rorippa sylvestris,6.2886597938,6.793814433,7.0612244898,5.6717171717,6.8670212766,0.4183673469,5.6052631579
Rosa agrestis,5.2916666667,6.8282828283,5.4081632653,5.4343434343,5.0102040816,0,3.2216494845
Rosa arvensis,5.8789473684,6.5408163265,5.118556701,5.2828282828,5.3112244898,0,2.9642857143
Rosa canina,5.7180851064,6.1855670103,6.4226804124,5.2857142857,5.4578947368,0.101010101,3.8578947368
Rosa dumalis,5.3333333333,6.5,6.3333333333,5.1666666667,5.1666666667,0,3.8333333333
Rosa glauca,4.7448979592,6.4744897959,6.5663265306,5.2525252525,4.7142857143,0.0303030303,4.1326530612
Rosa majalis,5.7,6.3,6.2,5.3,5.3,0,3.3
Rosa micranthum,5.3333333333,6.1666666667,6.1666666667,5.1666666667,5,0,3.1666666667
Rosa pimpinellifolia,3.7204301075,5.4270833333,7.1082474227,5.3711340206,4.1458333333,0.2070707071,4.5210526316
Rosa rubiginosa,4.9840425532,6.2712765957,6.6145833333,5.3265306122,4.734375,0.0918367347,3.8947368421
Rosa rugosa,5.1861702128,6.0315789474,6.8298969072,5.4175257732,4.8829787234,0.2295918367,4.3526315789
Rosa tomentosa,5.5927835052,6.34375,6.0618556701,5.362244898,5.6614583333,0,2.5618556701
Rosa villosa,4.859375,6.1041666667,6.443877551,5.2626262626,5.0765306122,0.0858585859,3.9226804124
Rubia tinctorum,3.75,3.5,5.25,4.75,5.5,ND,2.25
Rubus adornatus,6.5,5.5,6.5,5.5,5,ND,3.5
Rubus adspersus,5.8195876289,5.3195876289,6.3112244898,5.3131313131,5.9948979592,0.0707070707,3.6597938144
Rubus baronicus,4.5918367347,4,5.6717171717,5.1632653061,6.0050505051,0,2.6632653061
Rubus beijerinckii,6.5,5,6,5,6.5,ND,2.5
Rubus bertramii,4.7,4.3,6.15,5.05,5.9,0,2.8
Rubus bovinus,6,5.5,4.5,5,6.5,0,3.5
Rubus caesius,5.4270833333,6.3776595745,6.7216494845,5.3469387755,5.3870967742,0.1919191919,4.5263157895
Rubus calothemnus,4.9895833333,4.2268041237,6.2346938776,5.5,5.5412371134,0.5,3.2864583333
Rubus calothyrsus,6.25,6,6.25,5.25,5.75,0,4.25
Rubus calvus,5.9845360825,4.5721649485,6.0858585859,5.3282828283,5.75,0,2.9183673469
Rubus campaniensis,4.8505154639,3.7216494845,6.1020408163,5.137755102,5.6836734694,0.5,2.7010309278
Rubus canadensis,6.5,6.5,5.5,5.5,6,ND,3
Rubus caninitergi,4,3.5,6,4.5,5.5,ND,2
Rubus cardiophyllus,4,5.5,7,5.5,6,0,3.5
Rubus ceratifolius,5.625,4.875,5.875,5.25,5.625,0.1666666667,3.5
Rubus chloocladus,5.5,5.5,7,5.5,4.5,0.5,4.5
Rubus chlorothyrsos,8.5,5.5,6,6,5,ND,2.5
Rubus confusidens,6.75,7,6.5,5.5,5.5,0,3.25
Rubus conspicuus,5.5,6.125,5.75,5.25,4.875,0,3.375
Rubus contractipes,5.4166666667,4.8958333333,6.4739583333,5.1804123711,5.703125,0.2373737374,3.9414893617
Rubus contritidens,6.5,4.8333333333,6.1666666667,5.6666666667,5.5,ND,3.5
Rubus cordiformis,6.5,5.5,6.25,5.5,5.5,0,4
Rubus corylifolius,5.5053191489,5.4734042553,6.3144329897,5.2346938776,6,0.1479591837,4
Rubus dejonghii,5.3333333333,4.3333333333,6,4.8333333333,6.1666666667,0,2.6666666667
Rubus desarmatus,5.4175257732,4.5051546392,6.3333333333,4.9141414141,5.5808080808,0.25,3.7551020408
Rubus discors,4.6894736842,3.8144329897,5.9278350515,5.2371134021,5.7422680412,0.0909090909,3.0510204082
Rubus divaricatus,4.9896907216,4.4226804124,6.193877551,5.3520408163,5.8979591837,0.1,2.9278350515
Rubus dumetorum,6.15,6.1,6.05,5.25,5.7,0,3.45
Rubus eglandulosus,ND,4,6.5,6,ND,ND,2
Rubus egregius,5.5765306122,4.7448979592,5.0765306122,5.25,5.6666666667,0,2.9081632653
Rubus elegantispinosus,4.6546391753,4.3265306122,6.1224489796,4.9494949495,4.8939393939,0.1666666667,3.1958762887
Rubus ericusculus,5.4234693878,4.5,5.8383838384,5.3333333333,5.8333333333,0.125,3
Rubus erinus,4.3,3.58,5.62,5.16,5.74,0.2,2.62
Rubus flaccidus,3.4595959596,5.8333333333,6.9343434343,5.2272727273,4.1,0.1666666667,4.8418367347
Rubus flexuosus,5.046875,4.2447916667,5.7886597938,5.1530612245,5.6958762887,0.0404040404,3.2552083333
Rubus foliosus,5.234375,4.3265306122,5.6275510204,5.0765306122,5.7626262626,0,2.881443299
Rubus frederici,4.1701030928,3.7113402062,6.1302083333,5.3826530612,5.9072164948,0.1363636364,2.8578947368
Rubus fuscus,3.5,3,6,5,6,ND,2
Rubus gelertii,3.5,4,6.5,4.5,5.5,0,4.5
Rubus glandithyrsos,4.793814433,4,5.9072164948,5.1836734694,5.824742268,0.0858585859,3.2842105263
Rubus glareosus,6,5.5,7,5.5,4.5,ND,5
Rubus gloriosus,5,4.375,6.25,5.5,5.625,0,2.25
Rubus grabowskii,5.8333333333,5.8333333333,6.5,5.5,5.3333333333,0,4.5
Rubus grabowskii (Dutch),6.0412371134,5.0918367347,6.2908163265,5.4141414141,5.2121212121,0.125,4.206185567
Rubus guestphalicus-rijnland,4.25,4.25,6.75,4.5,6,0.5,5
Rubus hypomalacus,5,4.5,6.5,5,5.5,ND,3.5
Rubus idaeus,5.2074468085,4.7157894737,5.9226804124,5.2755102041,6.2659574468,0.0505050505,3.0212765957
Rubus ignoratus,4.5,3.75,6,4.75,4.75,0,3
Rubus insectifolius,4.7142857143,3.7857142857,6.0714285714,5.1428571429,5.7857142857,0,3.2142857143
Rubus integribasis,5.2315789474,4.4270833333,6.2806122449,5.193877551,5.7731958763,0.1616161616,3.3041237113
Rubus iuvenis,4.3385416667,3.6315789474,5.4432989691,4.6907216495,6.0833333333,0,2.3520408163
Rubus laevicaulis,5.2604166667,3.9329896907,6.1632653061,5.2908163265,5.9336734694,0.125,3.324742268
Rubus lasiandrus,5.0773195876,4.3298969072,5.8367346939,5.0858585859,5.7448979592,0,3.3316326531
Rubus leucandrus,4.0515463918,3.381443299,5.637755102,4.6391752577,5.8979591837,0.1515151515,2.4234693878
Rubus libertianus,ND,4,6.5,6,ND,ND,2
Rubus lindebergii,7,6,6.5,5.5,6,ND,4
Rubus lindleianus,5.9587628866,5.0154639175,6.25,5.3939393939,5.7959183673,0.2121212121,3.9375
Rubus lobatidens,5.5,5,6,5.5,5.5,0,4
Rubus longior,5,4,5.8333333333,5,6.1666666667,0,2.8333333333
Rubus lucticola,5.4285714286,5.0757575758,5.8585858586,5.4292929293,6.0714285714,0,2.7857142857
Rubus macrocardiophyllus,6.5,6,7,5.5,5.5,0,4.5
Rubus montanus,5,4.5,6,5,5.5,0,4.5
Rubus mucronulatus,4.75,4.25,6,5.5,6,0,3
Rubus mus,6.25,6,6.75,5.75,7.5,0.25,3.75
Rubus negatus,5.5,3.5,5,4,5,ND,2.5
Rubus nemoralis,5.0425531915,4.1436170213,6.1736842105,5.1340206186,5.4114583333,0.1734693878,3.5260416667
Rubus nemorosoides,4.5,4,6,3.5,5.5,ND,3.5
Rubus opacus,5.1428571429,4.3571428571,6.0707070707,4.9285714286,5.2878787879,0.6666666667,3.5714285714
Rubus oreades,5.1785714286,5.0357142857,5.5357142857,5.1767676768,5,0.3333333333,2.9285714286
Rubus osseus,4.75,4.875,6,4.875,5.625,0.5,3.5
Rubus pallidus,5.5,6,6,5.5,7,ND,2.5
Rubus passionis,5.8,5.2,6.7,5.3,6.2,0.25,4.5
Rubus picticaulis,4.5,4,6,6,5,0,3
Rubus placidus,5.625,4.75,5.25,5,5.5,ND,2.125
Rubus planus,4.6649484536,4.5,6.25,5.25,5.8181818182,0,4.3469387755
Rubus platyacanthus,4.793814433,3.8826530612,5.7727272727,4.7929292929,5.443877551,0.5,2.8181818182
Rubus poliothyrsus,5.625,4.625,6.125,5.25,5.5,0,3.375
Rubus polyanthemus,5.5,5.5,6,5,6.5,0,2
Rubus praecox,5.5,7,6.5,5.25,4.75,0,4.25
Rubus raduloides,4.5404040404,3.7346938776,5.9595959596,4.6666666667,4.7525252525,0.5,3.1683673469
Rubus rosaceus,4.5,3.7295918367,5.3775510204,4.4747474747,5.3367346939,0.1666666667,2.4948979592
Rubus rubercadaver,5.6968085106,5.1684210526,5.7346938776,4.9948979592,5.8969072165,0.0707070707,3.8402061856
Rubus rudis,5.6894736842,5.0684210526,5.7239583333,5.0714285714,5.2959183673,0.1363636364,3.296875
Rubus rufescens,5.3195876289,4.984375,5.4948453608,4.8367346939,5.8762886598,0.05,3.0360824742
Rubus saxatilis,4.0714285714,4.3571428571,5.5714285714,5.1414141414,5.7142857143,0,3
Rubus schlechtendalii,4.4242424242,3.6428571429,6.0714285714,5.2171717172,6.1428571429,0.25,3.0714285714
Rubus sectio Corylifolii,5.34,5.36,6.36,5.2,5.8,0.1565656566,3.42
Rubus sectio Rubus,3.9184782609,3.7074468085,6.3052631579,5.1855670103,6.4842105263,0.1060606061,2.9846938776
Rubus senticosus,4.859375,3.9896907216,5.8265306122,4.6224489796,5.0765306122,0.5,2.637755102
Rubus Ser. Hystrices,6.25,5.5,6.5,5.5,5.25,0,4.75
Rubus Ser. Mucronati,5,4,6,5.5,5,ND,2.5
Rubus Ser. Subsylvatici,6.5,6,7,5.5,5.5,0,4.5
Rubus Ser. Sylvatici,5.8316326531,4.9846938776,6,5.25,5.5,0,3.324742268
Rubus Ser. Vestiti,7,5.5,5.5,5,5.5,0,4
Rubus setosus,4.2777777778,3.5,5.8888888889,4.5,4.9444444444,0.5,2.5555555556
Rubus siekensis,3.5,3,6,5,5.5,ND,2
Rubus spectabilis,5.920212766,5.6789473684,5.4020618557,5.1958762887,5.75,0.095959596,3.2959183673
Rubus stereacanthos,6.2,5.1,6.2,5.5,5.3,ND,3.3
Rubus subsectio Subidaeus,5.5,5.5,7,5,5.5,0,5.5
Rubus taxandriae,4.609375,3.862244898,6.1020408163,5.2193877551,5.9444444444,0,2.9845360825
Rubus thalassarctos,5.6510416667,5.6326530612,6.3333333333,5.0255102041,5.3195876289,0.2777777778,3.3711340206
Rubus trichanthus,5.375,4,6.25,5.375,5.25,ND,3.5
Rubus tubanticus,5,3,6.5,5,6,0.5,3
Rubus tuberculatus,5.625,4.5,5.625,5.125,5.5,ND,3.25
Rubus ubericus,7,5.5,6,5.5,5,0,5.5
Rubus vadalis,4.75,5.5,7,5.5,4.75,0.25,4.25
Rubus vigorosus,5.3457446809,4.9736842105,6.2422680412,5.1907216495,5.4787234043,0.1313131313,3.3473684211
Rubus winteri,5.7886597938,5.1494845361,6.2422680412,5.2397959184,5.4081632653,0.2,3.5989583333
Rumex acetosa,5.4114583333,5.7684210526,6.9744897959,5.2319587629,6.3085106383,0.5357142857,5.9947368421
Rumex acetosella,3.7157894737,4.0368421053,7.0989583333,5.1701030928,4.752688172,0.556122449,5.0473684211
Rumex aquaticus,5.3939393939,5.7727272727,6.9696969697,5.2878787879,8.5909090909,0.1060606061,3.5303030303
Rumex conglomeratus,6.1736842105,6.5052083333,7.0103092784,5.4747474747,7.2606382979,0.3571428571,5.3882978723
Rumex cripsus x hydrolapathum,6,6.4642857143,7.0757575758,5.4591836735,7.4114583333,0.3484848485,5.5050505051
Rumex cripsus x obtusifolius,6.2978723404,6.5989583333,6.9948979592,5.4742268041,6.0578947368,0.3928571429,6.3244680851
Rumex crispus,5.96875,6.5105263158,7.0510204082,5.4081632653,6.2872340426,0.4322916667,6.0265957447
Rumex hydrolapathum,5.9114583333,6.453125,7.0206185567,5.4948979592,8.6595744681,0.2704081633,4.1082474227
Rumex maritimus,6.5315789474,6.6631578947,7.412371134,5.8265306122,7.8526315789,0.7105263158,4.3333333333
Rumex obtusifolius,6.3578947368,6.2421052632,6.9166666667,5.4183673469,6.1578947368,0.3686868687,6.0159574468
Rumex palustris,6.46875,6.8402061856,7.3265306122,5.7908163265,7.8387096774,0.5051020408,4.65625
Rumex rugosus,6,6.5,7,5,5.5,0.5,6.5
Rumex sanguineus,6.5154639175,6.4842105263,5.7164948454,5.362244898,6.5157894737,0.0303030303,3.9631578947
Ruppia cirrhosa,7.5404040404,8,6.1767676768,5.9848484848,11.862244898,7.3265306122,3
Ruppia maritima,6.9166666667,7.9030612245,6.3697916667,5.8888888889,10.8418367347,5.4895833333,4.25
Ruta graveolens,5.5,5.5,6.5,5,7,0,4
Sagina maritima,4.7052631579,7.0315789474,7.9285714286,5.706185567,6.171875,3.1451612903,5.4526315789
Sagina subulata,4.5,6.2,7.4,5.8,4.6,0.5,5
Sagittaria sagittifolia,6.3645833333,6.9175257732,7.1479591837,5.7908163265,10.3210526316,0.3383838384,3.8333333333
Salix alba,6.5691489362,6.6842105263,6.4793814433,5.4896907216,7.0473684211,0.1479591837,4.1
Salix caprea,5.4947368421,5.6129032258,6.4791666667,5.2602040816,6.3333333333,0.2113402062,3.84375
Salix fragilis,6.453125,6.4895833333,6.4591836735,5.4285714286,7.1542553191,0.0773195876,3.8489583333
Salix pentandra,5.0631578947,5.8020833333,6.7424242424,5.25,7.6443298969,0.1515151515,3.6421052632
Salix repens,3.7096774194,5.1344086022,7.2319587629,5.118556701,6.5263157895,0.381443299,4.0842105263
Salix triandra,6.4270833333,6.7422680412,6.7371134021,5.4646464646,7.4946808511,0.1326530612,3.9072164948
Salix viminalis,6.5157894737,6.71875,6.7422680412,5.5,7.3526315789,0.1326530612,4.0106382979
Salsola kali,6.5842105263,6.9175257732,8.4278350515,6.0612244898,5.2263157895,3.0106382979,3.5684210526
Salvia pratensis,4.4322916667,6.8520408163,7.2704081633,5.6530612245,4.2193877551,0.1666666667,5.8489583333
Salvia verticillata,3.9846938776,7.1717171717,7.1565656566,5.4393939394,4.1414141414,0.0050505051,5.0101010101
Sambucus ebulus,6.9322916667,7.0051020408,6.7422680412,5.443877551,5.5979381443,0.0656565657,4.7989690722
Sambucus racemosa,5.5322580645,4.6344086022,5.675257732,5.0927835052,5.7052631579,0.0606060606,2.7916666667
Samolus valerandi,4.6842105263,6.3315789474,7.4595959596,5.4639175258,7.835106383,1.1542553191,4.46875
Sanicula europaea,5.8697916667,6.1197916667,4.921875,5.1479591837,5.6237113402,0,3.1288659794
Saponaria officinalis,5.4052631579,6.6927083333,7.2216494845,5.5867346939,4.8177083333,0.2171717172,5.109375
Saxifraga granulata,4.859375,6.0510204082,6.9242424242,5.2164948454,5.6263157895,0.3333333333,5.8571428571
Saxifraga hirculus,1.5,2.5,7.5,6,5,0,3.5
Saxifraga tridactylites,3.2395833333,6.09375,7.6060606061,5.5816326531,3.4896907216,0.2397959184,5.3333333333
Scabiosa columbaria,3.4895833333,7.0052083333,7.1632653061,5.2857142857,4.0816326531,0.0353535354,4.9484536082
Scandix pecten-veneris,5.702020202,6.887755102,6.6717171717,5.9696969697,4.8163265306,0.0555555556,4.6161616162
Scheuchzeria palustris,1.9744897959,2.4795918367,7.862244898,4.0606060606,8.7319587629,0.0404040404,2.5
Schoenoplectus lacustris,6.0631578947,6.796875,7.404040404,5.706185567,9.811827957,0.5729166667,3.7105263158
Schoenus nigricans,3.7604166667,6.0789473684,7.412371134,5.2448979592,6.8020833333,0.7663043478,4.25
Scirpus sylvaticus,5.4361702128,5.6770833333,6.6666666667,5.1887755102,7.4840425532,0.2323232323,4.6736842105
Scrophularia vernalis,6.0927835052,6.5721649485,6.0721649485,5.4646464646,5.0618556701,0,3.3385416667
Scutellaria columnae,6.5,6.5,5.5,5,5.5,0,3.25
Secale cereale,5.4427083333,4.8723404255,6.7602040816,5.7142857143,4.984375,0.3010204082,4.8402061856
Sedum acre,3.7127659574,6.0526315789,7.601010101,5.5670103093,3.8229166667,0.421875,5.4473684211
Sedum reflexum,3.1510416667,5.5104166667,7.3556701031,5.6020408163,3.7628865979,0.2193877551,5.3541666667
Sedum telephium,5.1822916667,5.5989583333,6.8195876289,5.3608247423,5.2127659574,0.3010204082,5.2604166667
Selinum carvifolia,3.6489361702,4.9375,6.7551020408,4.9693877551,6.4948453608,0.125,4.140625
Sempervivum tectorum,3,6.25,7.75,5.75,3,0.25,5
Senecio aquaticus,5.0684210526,5.5154639175,7.0257731959,5.2295918367,7.4166666667,0.4183673469,5.5053763441
Senecio fluviatilis,7.1989795918,6.9387755102,6.8163265306,5.7272727273,7.484375,0.1363636364,4.164893617
Senecio inaequidens,5,6.0638297872,7.28125,5.5663265306,4.6,0.2989690722,5.0052083333
Senecio ovatus,6.09375,5.9631578947,5.1052631579,5.0714285714,5.6875,0,3.0833333333
Senecio paludosus,6.2606382979,6.7628865979,6.9744897959,5.5,8.2795698925,0.1530612245,4.0677083333
Senecio sylvaticus,4.7180851064,4.9894736842,6.9329896907,5.3969072165,4.7894736842,0.25,4.2688172043
Seriphidium maritimum,5.9739583333,7.0618556701,8.2371134021,5.6173469388,6.3125,5.5842105263,4.3052631579
Serratula tinctoria,3.1428571429,4.0309278351,6.2653061224,5.1989795918,5.381443299,0.0303030303,3.953125
Setaria verticillata,6.7135416667,6.0979381443,6.9081632653,6.2602040816,5,0.1363636364,4.8762886598
Silaum silaus,5.2577319588,6.443877551,6.9949494949,5.2626262626,6.234375,0.3888888889,6.0918367347
Silene armeria,3.6666666667,5.6666666667,7.3333333333,5.6666666667,4.1666666667,0.3333333333,5.3333333333
Silene conica,3.3457446809,6.0979381443,7.7193877551,5.8469387755,3.4793814433,0.3112244898,5.2010309278
Silene dichotoma,7,6,6.5,5.5,5.5,0,4.5
Silene dioica,6.1197916667,5.8385416667,5.953125,5.3144329897,5.9361702128,0.0909090909,3.9157894737
Silene latifolia,5.7446808511,6.3684210526,7.118556701,5.5306122449,5,0.2704081633,5.4368421053
Silene noctiflora,6.0989583333,6.6907216495,6.7397959184,5.6804123711,5.0824742268,0.1313131313,4.8
Silene nutans,3.5473684211,6,7.1479591837,5.3787878788,3.9381443299,0.196969697,4.9427083333
Silene otites,3.2319587629,5.9639175258,7.443877551,5.6683673469,3.587628866,0.2216494845,5.1275510204
Silene vulgaris,4.5677083333,7.0103092784,7.0757575758,5.3787878788,4.4739583333,0.0656565657,5.1288659794
Silybum marianum,6,5,6.75,5.75,4.75,0.5,4.5
Sinapis arvensis,6.4591836735,6.8645833333,6.9387755102,5.5918367347,5.6105263158,0.2244897959,5.1861702128
Sisymbrium austriacum,6.2295918367,7.1275510204,7.4393939394,5.7828282828,4.943877551,0.3737373737,4.9132653061
Sisymbrium loeselii,5.76,6.68,7.4,5.92,4.76,0.2727272727,4.9
Smyrnium olusatrum,7,7,6,5.5,5.5,0,3.5
Solanum dulcamara,6.1105263158,6.2365591398,6.6237113402,5.3556701031,7.4521276596,0.1275510204,3.5824742268
Solanum lycopersicum,6.8645833333,6.706185567,7.0909090909,5.7806122449,5.9081632653,0.3333333333,4.5638297872
Solanum physalifolium,6.7857142857,6.75,7.4292929293,6.1060606061,5.3571428571,0.3418367347,4.3571428571
Solanum tuberosum,6.5520833333,6.4210526316,6.828125,5.7886597938,5.1979166667,0.2577319588,4.7712765957
Sonchus palustris,6.6684210526,6.7653061224,6.9642857143,5.4795918367,7.7074468085,0.4030612245,4.1443298969
Sorbaria sorbifolia,5.25,5,6.25,5.25,6.25,0,3.5
Sorbus aria,5,5.3125,5.90625,5.2448979592,5.3854166667,0.0867346939,3.0103092784
Spergula morisonii,2.0684210526,2.6224489796,7.9793814433,5.056122449,3.1614583333,0.5103092784,4.6368421053
Spinacia oleracea,7.5,7,7,6,5,0,5
Spiraea douglasii,5.3673469388,5.0360824742,6.3469387755,5.4,6.5463917526,0.0404040404,4
Spiraea salicifolia,5.0789473684,4.6836734694,6.3041237113,5.3928571429,6.1822916667,0.1212121212,3.5364583333
Spiranthes spiralis,3.6597938144,5.3711340206,7.1868686869,4.881443299,5.2010309278,0.404040404,5.4536082474
Stachys annua,5.5,6.25,5.75,5.5,5.25,0,4
Stachys arvensis,6.2708333333,5.6894736842,6.8333333333,5.8826530612,5.0257731959,0.1464646465,4.412371134
Stachys officinalis,3.3333333333,5.7083333333,7.1020408163,5.112244898,4.3112244898,0.2346938776,4.9381443299
Stachys palustris,6.1473684211,6.5625,6.9381443299,5.4432989691,7.7634408602,0.1785714286,4.2135416667
Stachys sylvatica,6.2916666667,6.1979166667,5.390625,5.2551020408,6.0927835052,0.0151515152,3.5368421053
Stachys x ambigua,5,6.5,6.5,5.1666666667,5.6666666667,0,4.3333333333
Stellaria aquatica,6.6770833333,6.7164948454,6.9639175258,5.556122449,7.1315789474,0.2575757576,4.4270833333
Stellaria graminea,4.7947368421,5.0368421053,6.9191919192,5.0989583333,5.7659574468,0.4336734694,5.640625
Stellaria media,6.2684210526,6.2684210526,6.8659793814,5.5463917526,6.0368421053,0.3826530612,5.9193548387
Stellaria neglecta,6.725,6.5,5.725,5.325,6.225,0.05,4.4
Stellaria nemorum,6.328125,5.8631578947,5.4132653061,5.3214285714,6.2422680412,0.0505050505,3.5824742268
Stellaria pallida,4.7947368421,6.1063829787,7.0416666667,5.4642857143,4.2391304348,0.1683673469,4.9842105263
Stellaria uliginosa,5.7864583333,5.9414893617,6.9183673469,5.3418367347,7.6302083333,0.4292929293,5.46875
Stratiotes aloides,6.206185567,7.0721649485,7.0612244898,5.9141414141,10.8072916667,0.3367346939,3.6263157895
Suaeda maritima,5.6666666667,7.2448979592,8.2525773196,5.8826530612,7.412371134,7.2127659574,3.4375
Symphoricarpos albus,6.4627659574,6.3210526316,5.3697916667,5.3316326531,5.5677083333,0.0454545455,3.2947368421
Tanacetum parthenium,6.2113402062,6.4635416667,6.8265306122,5.7295918367,5.1736842105,0.2346938776,4.6597938144
Tanacetum vulgare,5.4789473684,6.0894736842,7.0927835052,5.4234693878,5.3,0.3282828283,5.587628866
Taraxacum agaurum,3.8645833333,5.8489583333,7.3434343434,5.5555555556,4.0257731959,0.2121212121,5.0612244898
Taraxacum aphanochroum,3.5,5,7.5,5.5,4,0.25,5
Taraxacum brachyglossum,3.4141414141,5.9141414141,7.1666666667,5.4191919192,3.9191919192,0.4191919192,5.0808080808
Taraxacum commixtum,3.3775510204,5.8453608247,7.3888888889,5.5303030303,3.862244898,0.25,5.1701030928
Taraxacum dunense,3.5357142857,5.7193877551,7.4393939394,5.6262626263,3.8181818182,0.3737373737,5.1836734694
Taraxacum hollandicum,5.55,6.2,6.85,5.15,6.9,0.45,6
Taraxacum lacistophyllum,3.7789473684,5.587628866,7.3520408163,5.4595959596,3.9278350515,0.2727272727,5.109375
Taraxacum laetiforme,3.5,6.1666666667,7.6666666667,5.6666666667,3.5,0.3333333333,5.1666666667
Taraxacum oxoniense,4,5.5,6.75,5.25,4.25,0,5.25
Taraxacum rubicundum,3.5208333333,5.7263157895,7.3072916667,5.5,3.828125,0.2091836735,5.0260416667
Taraxacum scanicum,3.3333333333,5,7.3333333333,5.6666666667,4,0.3333333333,5.5
Taraxacum sectie Celtica,3.7736842105,4.9736842105,7.0979381443,5.0773195876,6.4838709677,0.3608247423,4.9791666667
Taraxacum sectie Erythrosperma,3.8333333333,5.7368421053,7.2113402062,5.4030612245,4.0105263158,0.2244897959,5.203125
Taraxacum sectie Hamata,5.0578947368,5.4421052632,6.9427083333,5.1443298969,5.2127659574,0.4191919192,6.1075268817
Taraxacum sectie Palustria,4.1237113402,5.9432989691,7.2628865979,5.0459183673,6.920212766,0.5677083333,5.0842105263
Taraxacum taeniatum,3.3826530612,5.9226804124,7.3265306122,5.5909090909,3.8673469388,0.1868686869,4.8177083333
Taxodium distichum,6,5.5,6,5.5,6.5,0,4.75
Taxus baccata,5.6276595745,5.3631578947,5.0625,5.1804123711,5.5051546392,0.0306122449,2.7105263158
Tephroseris palustris,6.8958333333,6.875,7.6855670103,5.8010204082,8.3947368421,0.9734042553,3.9
Tetragonolobus maritimus,3.1464646465,7.3535353535,7.2929292929,5.1767676768,4.1161616162,0.0858585859,4.8163265306
Teucrium botrys,3.5,7.2,7.3,5.4,4,0,4.7
Teucrium montanum,2.6,7.3,7.5,5.3,3.5,0,4.9
Teucrium scordium,4.0808080808,6.2602040816,7.0303030303,5.3484848485,7.1262626263,0.4696969697,4.4090909091
Thalictrum flavum,5.3421052632,6.2789473684,6.9278350515,5.3316326531,7.6210526316,0.2121212121,4.515625
Thelypteris palustris,4.8404255319,5.5,6.6275510204,5.2010309278,8.3526315789,0.1868686869,3.1842105263
Thlaspi caerulescens,3.8112244898,5.5204081633,7.1313131313,4.7040816327,4.8979591837,0.5707070707,5.7525773196
Thuja plicata,4.8571428571,4.3571428571,5.5,4.5,5.7121212121,0,2.5656565657
Thymus praecox,3.5,7.5,7.5,5,4,0,5
Tilia cordata,5.9791666667,5.890625,4.912371134,5.1581632653,5.5572916667,0.035,3
Tilia platyphyllos,6.2365591398,5.9578947368,5.0833333333,5.3659793814,5.7113402062,0.0050505051,3.0638297872
Tolypella species,5.75,7,7,5.75,10.25,0.5,3.25
Torilis arvensis,5.4090909091,6.8383838384,6.5918367347,5.5858585859,4.8333333333,0.2,5.2628865979
Torilis japonica,6.1263157895,6.7604166667,6.6340206186,5.443877551,5.359375,0.1734693878,4.7789473684
Trientalis europaea,3.8138297872,3.4635416667,5.3421052632,5.1134020619,5.4895833333,0.0606060606,2.75
Trifolium arvense,3.8489583333,5.0319148936,7.387755102,5.5051020408,4.1315789474,0.4166666667,5.7578947368
Trifolium fragiferum,5.4329896907,6.796875,7.5,5.4897959184,6.515625,1.7263157895,5.8541666667
Trifolium hybridum,5.4521276596,6.0051020408,7.0656565657,5.2777777778,5.9210526316,0.4242424242,5.9020618557
Trifolium incarnatum,5.5,4.8333333333,6.6666666667,5.5,5.1666666667,0.5,6
Trifolium micranthum,4.15625,5.4322916667,7.4141414141,5.3775510204,4.9946808511,0.4747474747,6.0927835052
Trifolium ornithopodioides,4.475,5.3,7.525,5.475,4.6,0.475,6.7
Triglochin maritima,5.4526315789,7.1578947368,8.0154639175,5.7397959184,7.1197916667,6.0706521739,4.2105263158
Triglochin palustris,5.2925531915,6.2315789474,7.1785714286,5.412371134,7.6,0.7393617021,5.3854166667
Trigonella foenum-graecum,3.5,3.5,7,5.5,5.5,0,4
Trisetum flavescens,5.0833333333,6.6041666667,7.0656565657,5.306122449,4.890625,0.2755102041,6.1822916667
Triticum aestivum,6.4684210526,6.5,6.8298969072,5.75,5.3263157895,0.2164948454,5.1052631579
Triticum spelta,6,5.5,6.5,6,5,0,3.5
Tulipa sylvestris,6.92,6.73,5.36,5.44,5.65,0,5.16
Ulex europaeus,3.5309278351,3.7989690722,6.6581632653,5.2346938776,5.3571428571,0.1060606061,3.0102040816
Ulmus laevis,6.046875,6.0663265306,5.0816326531,5.4132653061,6.0357142857,0,2.6958762887
Vaccinium corymbosum,2.2577319588,2.387755102,7.1173469388,4.8333333333,7.2806122449,0.125,2.6020408163
Vaccinium uliginosum,2.4210526316,2.25,6.8842105263,4.375,6.7421052632,0.0757575758,2.6354166667
Verbascum blattaria,5.5,6.5,7,5.5,5,0.5,5.5
Verbascum densiflorum,5.6358695652,6.4105263158,7.2422680412,5.7244897959,4.6736842105,0.2121212121,4.8684210526
Verbascum phlomoides,4.875,5.9010416667,7.3298969072,5.6785714286,4.2474226804,0.2908163265,4.9336734694
Verbascum thapsus,5.0319148936,6.3085106383,7.2113402062,5.5360824742,4.3072916667,0.1785714286,4.625
Verbena officinalis,5.6770833333,6.9,7.2268041237,5.5656565657,5.0263157895,0.3214285714,5.4375
Veronica agrestis,6.4095744681,6.5979381443,6.7577319588,5.7835051546,5.2,0.1767676768,4.8105263158
Veronica arvensis,4.7150537634,5.7684210526,7.1391752577,5.4693877551,4.5106382979,0.306122449,5.8489583333
Veronica beccabunga,6.2291666667,6.6082474227,7.078125,5.5103092784,8.4526315789,0.3434343434,4.7578947368
Veronica filiformis,6.1836734694,6.0202020202,6.898989899,5.2551020408,5.5510204082,0.2575757576,7.1020408163
Veronica hederifolia,6.578125,6.4793814433,5.8802083333,5.5102040816,5.4473684211,0.0909090909,4.5052631579
Veronica montana,6.2010309278,6.0979381443,4.9583333333,5.1326530612,6.1597938144,0.0151515152,3.46875
Veronica officinalis,3.8210526316,5.0322580645,6.9329896907,5.2268041237,4.4166666667,0.2142857143,4.75
Veronica scutellata,4.4736842105,5.0368421053,7.1494845361,5.2319587629,8.2552083333,0.3112244898,4.5102040816
Veronica serpyllifolia,5.4574468085,5.4789473684,6.9591836735,5.1887755102,6.0736842105,0.4591836735,6.3958333333
Veronica triphyllos,5.4484536082,5.828125,6.6530612245,5.9642857143,4.6288659794,0.1161616162,4.7908163265
Vicia cracca,5.4375,6.2447916667,6.9845360825,5.2551020408,6.1489361702,0.3585858586,5.6631578947
Vicia faba,6.5,6.5,6.6666666667,5.8333333333,5.1666666667,0.1666666667,4.8333333333
Vicia hirsuta,5.234375,5.7052631579,6.9387755102,5.4848484848,4.9583333333,0.306122449,5.5
Vicia lathyroides,3.7473684211,5.4791666667,7.2551020408,5.5,3.914893617,0.2602040816,5.3333333333
Vicia sepium,5.7842105263,6.4947916667,6.796875,5.2959183673,5.6052631579,0.2626262626,5.8368421053
Viola arvensis,5.5526315789,5.1421052632,6.8608247423,5.5773195876,4.9421052632,0.3080808081,5.0833333333
Viola canina,3.329787234,4.6861702128,7.1030927835,5.2142857143,4.6052631579,0.2653061224,4.6927083333
Viola curtisii,3.6223404255,5.6666666667,7.4536082474,5.5515463918,3.7368421053,0.2878787879,5.03125
Viola lutea s. calaminaria,3.9381443299,5.7653061224,7.1464646465,4.8131313131,4.8838383838,0.5858585859,6
Viola palustris,3.7395833333,4.4680851064,6.912371134,4.887755102,7.8865979381,0.2626262626,4.0927835052
Viola persicifolia,3.6875,5.015625,7.0303030303,5.2806122449,7.5618556701,0.2171717172,4.34375
Viola rupestris,3.5052083333,5.6510416667,7.0204081633,5.3010204082,4.1443298969,0.095959596,4.8505154639
Viscum album,6.7857142857,6.4646464646,5.2551020408,5.3282828283,5.9642857143,0,3.1479591837
Vitis vinifera,4,4.5,7,5.5,4,0.5,6.5
Vulpia bromoides,3.9263157895,4.7789473684,7.3520408163,5.453125,4.4739583333,0.4141414141,6.1354166667
Vulpia membranacea,4.75,6,7.5,5.25,4.5,0.25,6.75
Wahlenbergia hederacea,3.5,4,7,5,6.5,0,4.5
Xanthium orientale,6.4329896907,6.803030303,7.2929292929,5.8484848485,6.859375,0.3112244898,4.4081632653
Zannichellia palustris,7.3762886598,7.5408163265,6.5154639175,5.8418367347,11.421875,2.1354166667,4.53125
Zea mays,6.8072916667,6.087628866,6.8505154639,5.9897959184,5.1210526316,0.2474747475,4.9946808511
